,name,gcn_name,time,trigger_met,ra,dec,lii,bii,error_radius,redshift,luminosity_distance,theta,zenith,arr_flag,distance_to_closest,irfs,lle_bbbd_sig,lle_bbbd_sig_detected,lle_t05,lle_t90,lle_t95,tl0,tl100,tl100_error,tl1,tl0_lower,tl1_upper,like_best_t0,like_best_t1,like_best_ts,like_best_flux,like_best_flux_error,like_best_flux_ene,like_best_flux_ene_error,like_best_fluence,like_best_fluence_error,like_best_grbindex,like_best_grbindex_error,like_best_eiso_rf,like_best_eiso_rf_error,like_lat_t0,like_lat_t1,like_lat_ts,like_lat_flux,like_lat_flux_error,like_lat_flux_ene,like_lat_flux_ene_error,like_lat_fluence,like_lat_fluence_error,like_lat_grbindex,like_lat_grbindex_error,like_lat_eiso_rf,like_lat_eiso_rf_error,like_gbm_t0,like_gbm_t1,like_gbm_ts,like_gbm_flux,like_gbm_flux_error,like_gbm_flux_ene,like_gbm_flux_ene_error,like_gbm_fluence,like_gbm_fluence_error,like_gbm_grbindex,like_gbm_grbindex_error,like_gbm_eiso_rf,like_gbm_eiso_rf_error,like_ext_t0,like_ext_t1,like_ext_ts,like_ext_flux,like_ext_flux_error,like_ext_flux_ene,like_ext_flux_ene_error,like_ext_fluence,like_ext_fluence_error,like_ext_grbindex,like_ext_grbindex_error,like_ext_eiso_rf,like_ext_eiso_rf_error,ext_emission_max_ene,ext_emission_max_ene_p,ext_emission_max_ene_t,ext_emission_n,lat_bpl_chi2,lat_bpl_f0,lat_bpl_f0_error,lat_bpl_index1,lat_bpl_index1_error,lat_bpl_index2,lat_bpl_index2_error,lat_bpl_timebreak,lat_bpl_timebreak_error,lat_spl_chi2,lat_spl_index1,lat_spl_index1_error,lat_f0,lat_f0_error,late_index,late_index_error,su_tsinput,gbm_cat_name,gbm_cat_t05,gbm_cat_t90,gbm_cat_t90_error,gbm_cat_t95,gbm_cat_fluence,gbm_cat_fluence_error,flux_ratio,flux_ene_ratio,fluence_ratio,flux_ratio_error,flux_ene_ratio_error,fluence_ratio_error,like_gbm-lat_time_difference,gbm-lle_time_difference
2,GRB160325291,b'GRB160325A      ',57472.2912153,480581965.51,16.21,-72.66,301.5342,-44.4319,0.24,0.0,0.0,7.2372,55.525,0,3.4,b'P8_TRANSIENT010E              ',6.5,1,13.816,0.203,14.019,4.98,1550.73999,458.35501,1555.71997,4.86,2472.31006,0.0,4000.0,97.2241,4.64852e-06,9.55144e-07,2.38072e-09,7.24476e-10,9.52288e-06,2.89791e-06,-2.41911,0.230645,0.0,0.0,4.98,1555.71997,94.858,4.769e-06,9.95543e-07,2.40535e-09,7.3455e-10,3.73007e-06,1.1391e-06,-2.43121,0.236077,0.0,0.0,2.048,44.993,9.14198,2.71042e-05,0.0,3.00274e-08,0.0,1.28953e-06,0.0,-2.73237,1.04443,0.0,0.0,44.993,1555.71997,93.4201,4.73745e-06,1.00722e-06,2.47458e-09,7.83883e-10,3.73841e-06,1.18423e-06,-2.40389,0.236112,0.0,0.0,3000.0,1.0,92.02,21.0,999.0,0.0,0.0,0.0,0.0,0.0,0.0,0.0,0.0,0.000608841,0.74088,0.0995074,-3.35121,0.286897,0.74088,0.0995074,83.0,b'GRB160325291',2.048,42.945,0.572,44.993,1.8598e-05,1.9812e-07,5.683413713566785,12.483588666929968,0.345712010766554,2.5967229791628217,6.898600447992251,0.19104553981740421,-2.9320000000000004,1.845
21,GRB200219317,b'GRB200219A      ',58898.3172338,603790614.1,342.88,-60.2,326.2541,-51.1517,0.29,0.0,0.0,47.8789,90.4604,0,4.89,b'P8_TRANSIENT020E              ',7.3,1,0.061,0.213,0.274,1.33,1.0,0.505,2.33,1.32,3.33,0.0,5.15,30.3474,7.89479e-05,5.65638e-05,3.27876e-07,5.37367e-07,1.68856e-06,2.76744e-06,-1.55926,0.47236,0.0,0.0,0.0,0.0,0.0,0.0,0.0,0.0,0.0,0.0,0.0,0.0,0.0,0.0,0.0,0.0,0.0,0.0,0.0,0.0,0.0,0.0,0.0,0.0,0.0,0.0,0.0,0.0,1.088,2.33,24.6015,0.000150844,0.000151807,2.12151e-06,3.75336e-06,2.63492e-06,4.66167e-06,-1.18344,0.530713,0.0,0.0,1900.0,1.0,1.33,2.0,999.0,0.0,0.0,0.0,0.0,0.0,0.0,0.0,0.0,999.0,0.0,0.0,0.0,0.0,0.0,0.0,29.0,b'GRB200219317',-0.064,1.152,1.032,1.088,1.5848e-06,4.0037e-08,,,,,,,0.0,-0.277
25,GRB141222298,b'GRB141222A      ',57013.2978819,440924940.39,178.0,-57.31,294.9442,4.6371,0.08,0.0,0.0,45.8852,93.4996,0,3.73,b'P8_TRANSIENT020E              ',8.2,1,-0.031,1.293,1.262,34.21,406.34,12.39,440.54999,33.04,464.16,2.752,440.54999,38.9478,7.6502e-06,2.83792e-06,6.73908e-09,4.25943e-09,2.95036e-06,1.86477e-06,-2.09906,0.326023,0.0,0.0,34.21,440.54999,38.9406,7.71704e-06,2.79937e-06,6.82813e-09,4.35757e-09,2.77454e-06,1.77066e-06,-2.09701,0.317263,0.0,0.0,0.0,0.0,0.0,0.0,0.0,0.0,0.0,0.0,0.0,0.0,0.0,0.0,0.0,2.752,440.54999,38.9478,7.6502e-06,2.83792e-06,6.73908e-09,4.25943e-09,2.95036e-06,1.86477e-06,-2.09906,0.326023,0.0,0.0,3600.0,1.0,227.42,11.0,999.0,0.0,0.0,0.0,0.0,0.0,0.0,0.0,0.0,0.00490997,1.3342,0.396129,-2.10559,0.90222,1.3342,0.396129,150.0,b'GRB141222298',0.0,2.752,0.264,2.752,9.2055e-06,3.8177e-08,0.0,0.0,0.0,,,,-34.21,-1.293
29,GRB120316008,b'GRB120316A      ',56002.007662,353549464.56,57.35,-56.41,268.3031,-46.978,0.31,0.0,0.0,9.8853,48.7332,0,3.34,b'P8_TRANSIENT010E              ',5.8,1,11.308,0.398,11.706,15.0,530.03998,33.315,545.03998,12.92,609.59003,15.0,545.03998,70.0461,4.3979e-06,1.26803e-06,3.40587e-09,2.08203e-09,1.80525e-06,1.10356e-06,-2.16154,0.300961,0.0,0.0,15.0,545.03998,70.0461,4.3979e-06,1.26803e-06,3.40587e-09,2.08203e-09,1.80525e-06,1.10356e-06,-2.16154,0.300961,0.0,0.0,1.536,28.16,25.2318,1.74842e-05,1.06202e-05,2.85828e-08,4.05682e-08,7.60987e-07,1.08009e-06,-1.85429,0.486377,0.0,0.0,28.16,545.03998,53.0927,3.91397e-06,1.22791e-06,2.21449e-09,1.28532e-09,1.14463e-06,6.64358e-07,-2.34605,0.373927,0.0,0.0,2100.0,1.0,26.44,10.0,999.0,0.0,0.0,0.0,0.0,0.0,0.0,0.0,0.0,0.00102586,0.872212,0.163782,-3.27178,0.400124,0.872212,0.163782,57.0,b'GRB120316008',1.536,26.624,0.362,28.16,1.6257e-05,3.077e-08,3.9755792537347374,8.392216966590034,0.4215410607949037,3.2231177003349276,13.598969657368942,0.6830782904137294,-13.464,1.138
37,GRB120709883,b'GRB120709A      ',56117.8831019,363561103.37,318.8,-50.42,347.9563,-43.1787,0.4,0.0,0.0,27.7871,40.4568,0,3.3,b'P8_TRANSIENT010E              ',9.9,1,-0.118,0.46,0.342,0.11,695.79999,14.865,695.90997,0.1,725.63,-0.128,27.2,125.988,8.45134e-05,2.40396e-05,6.22217e-08,3.76408e-08,1.70039e-06,1.02865e-06,-2.18779,0.30808,0.0,0.0,0.11,695.90997,91.8068,1.02631e-05,2.08241e-06,6.21406e-09,2.21249e-09,4.32374e-06,1.53945e-06,-2.30113,0.219498,0.0,0.0,-0.128,27.2,125.988,8.45134e-05,2.40396e-05,6.22217e-08,3.76408e-08,1.70039e-06,1.02865e-06,-2.18779,0.30808,0.0,0.0,27.2,695.90997,37.5066,6.44722e-06,1.80065e-06,3.30791e-09,1.42181e-09,2.21203e-06,9.50776e-07,-2.4177,0.316438,0.0,0.0,2600.0,0.99,140.33,22.0,999.0,0.0,0.0,0.0,0.0,0.0,0.0,0.0,0.0,0.000912808,0.66663,0.130078,-3.50976,0.379818,0.66663,0.130078,84.0,b'GRB120709883',-0.128,27.328,0.958,27.2,1.3729e-05,3.751e-08,8.23468542643061,10.013051048750736,0.39326832788280514,4.3869535310280305,8.508183694455978,0.33416465096008885,-0.238,-0.5880000000000001
38,GRB101014175,b'GRB101014A      ',55483.1749074,308722314.62,26.5,-48.54,280.2491,-66.1151,0.09,0.0,0.0,55.0297,102.5554,1,3.14,b'P8_TRANSIENT010E              ',12.0,1,208.718,1.666,210.384,2270.73999,1925.28003,52.38,4196.02002,2165.97998,4196.02002,0.0,10000.0,48.4252,1.9469e-07,9.65282e-08,1.50657e-09,1.2051e-09,1.50657e-05,1.2051e-05,-1.3731,0.272673,0.0,0.0,2270.73999,4196.02002,46.5042,3.98166e-07,1.99255e-07,3.84489e-09,4.03587e-09,7.40248e-06,7.77017e-06,-1.305,0.346325,0.0,0.0,0.0,0.0,0.0,0.0,0.0,0.0,0.0,0.0,0.0,0.0,0.0,0.0,0.0,450.823,4196.02002,46.2107,3.80447e-07,1.89866e-07,3.62144e-09,3.07777e-09,1.3563e-05,1.15269e-05,-1.30948,0.271293,0.0,0.0,14000.0,1.0,2750.70996,6.0,999.0,0.0,0.0,0.0,0.0,0.0,0.0,0.0,0.0,0.000101661,-0.156331,0.348764,-6.85879,1.23886,-0.156331,0.348764,67.0,b'GRB101014175',1.408,449.415,1.409,450.823,0.00020146,4.2669e-07,0.0,0.0,0.0,,,,-2270.73999,-0.258
39,GRB150820880,b'GRB150820A      ',57254.8800347,461797639.642,258.65,-48.33,340.4708,-5.6225,15.3,0.0,0.0,22.9819,66.5613,0,-1.0,b'P8_TRANSIENT020E              ',6.9,1,-1.058,0.423,-0.635,-666.0,0.0,-666.0,-666.0,0.0,-1332.0,0.0,0.0,0.0,0.0,0.0,0.0,0.0,0.0,0.0,0.0,0.0,0.0,0.0,0.0,0.0,0.0,0.0,0.0,0.0,0.0,0.0,0.0,0.0,0.0,0.0,0.0,-0.768,5.12,-1.30431e-10,7.85917e-05,0.0,8.70678e-08,0.0,5.12655e-07,0.0,-2.69194,2762740.0,0.0,0.0,0.0,0.0,0.0,0.0,0.0,0.0,0.0,0.0,0.0,0.0,0.0,0.0,0.0,-670.0,-670.0,-666.0,0.0,999.0,0.0,0.0,0.0,0.0,0.0,0.0,0.0,0.0,999.0,0.0,0.0,0.0,0.0,0.0,0.0,0.0,b'GRB150820880',-0.768,5.888,1.379,5.12,3.4278e-07,1.7733e-08,inf,inf,inf,,,,-0.768,-1.191
55,GRB090531775,b'GRB090531B      ',54982.7749537,265487758.492,252.06,-36.05,347.1972,5.7448,0.0,0.0,0.0,21.9282,49.1757,0,-1.0,b'P8_TRANSIENT020E              ',10.0,1,-0.067,0.071,0.004,1.63,7.47,4.14,9.1,0.82,16.57,0.768,9.1,5.31069,9.09271e-05,0.0,1.00734e-07,0.0,8.39312e-07,0.0,-2.66036,1.50029,0.0,0.0,0.0,0.0,0.0,0.0,0.0,0.0,0.0,0.0,0.0,0.0,0.0,0.0,0.0,0.0,0.0,0.0,0.0,0.0,0.0,0.0,0.0,0.0,0.0,0.0,0.0,0.0,0.768,9.1,5.31069,9.09271e-05,0.0,1.00734e-07,0.0,8.39312e-07,0.0,-2.66036,1.50029,0.0,0.0,630.0,0.94,9.1,2.0,999.0,0.0,0.0,0.0,0.0,0.0,0.0,0.0,0.0,999.0,0.0,0.0,0.0,0.0,0.0,0.0,0.0,b'GRB090531775',0.0,0.768,0.231,0.768,3.1809e-07,1.8367e-08,,,,,,,0.0,-0.071
56,GRB150118409,b'GRB150118B      ',57040.4085301,443267300.77,240.23,-35.93,340.5789,12.7382,0.56,0.0,0.0,65.2622,91.7388,1,4.54,b'P8_TRANSIENT010E              ',6.6,1,22.122,1.473,23.595,4.34,46.69,15.28,51.03,4.13,81.38,0.0,500.0,30.4634,9.31672e-05,4.26895e-05,4.22973e-08,2.11565e-08,2.11486e-05,1.05782e-05,-2.52221,0.512161,0.0,0.0,4.34,51.03,5.48174,0.000134795,0.0,1.49332e-07,0.0,6.97233e-06,0.0,-3.89108,1.59186,0.0,0.0,7.68,47.873,3.75577,0.000138823,0.0,1.53795e-07,0.0,6.18148e-06,0.0,-3.23827,1.49378,0.0,0.0,47.873,51.03,5.87139,0.00122461,0.0,1.35668e-06,0.0,4.28303e-06,0.0,-5.9989,0.168812,0.0,0.0,1800.0,1.0,51.03,3.0,999.0,0.0,0.0,0.0,0.0,0.0,0.0,0.0,0.0,999.0,0.0,0.0,0.0,0.0,0.0,0.0,28.0,b'GRB150118409',7.68,40.193,0.572,47.873,0.00014114,1.0972e-07,1.029882414036129,1.029886427557389,0.8865730681135289,0.0,0.0,0.0,3.34,6.207
57,GRB131216081,b'GRB131216A      ',56642.0809259,408851795.063,91.59,-35.5,242.0253,-23.978,2.24,0.0,0.0,44.5659,77.2043,1,-1.0,b'P8_TRANSIENT020E              ',7.7,1,-0.19,0.275,0.085,-666.0,0.0,-666.0,-666.0,0.0,-1332.0,0.0,19.262,0.00828272,4.46151e-05,0.0,4.94268e-08,0.0,9.52059e-07,0.0,-5.13255,11.0677,0.0,0.0,0.0,0.0,0.0,0.0,0.0,0.0,0.0,0.0,0.0,0.0,0.0,0.0,0.0,0.003,19.265,0.00827929,4.46147e-05,0.0,4.94263e-08,0.0,9.5205e-07,0.0,-5.13234,11.0672,0.0,0.0,0.0,0.0,0.0,0.0,0.0,0.0,0.0,0.0,0.0,0.0,0.0,0.0,0.0,-670.0,-670.0,-666.0,0.0,999.0,0.0,0.0,0.0,0.0,0.0,0.0,0.0,0.0,999.0,0.0,0.0,0.0,0.0,0.0,0.0,0.0,b'GRB131216081',0.003,19.262,3.598,19.265,6.7779e-06,3.99e-08,inf,inf,inf,,,,0.003,-0.272
62,GRB090626189,b'GRB90626.0      ',55008.1889815,267683530.88,170.19,-33.56,282.0672,25.6114,0.29,0.0,0.0,22.599,10.4193,0,2.64,b'P8_TRANSIENT010E              ',9.1,1,21.481,0.889,22.37,9.0,548.32001,86.405,557.32001,7.92,729.04999,0.0,4000.0,119.713,9.77951e-06,2.07595e-06,8.98523e-09,3.66799e-09,3.59409e-05,1.4672e-05,-2.07981,0.190556,0.0,0.0,9.0,557.32001,101.013,1.08635e-05,2.58376e-06,1.02933e-08,4.75188e-09,5.644e-06,2.60555e-06,-2.06605,0.212314,0.0,0.0,1.536,50.433,18.3995,2.72339e-05,0.0,3.0171e-08,0.0,1.47527e-06,0.0,-6.0,0.000995618,0.0,0.0,50.433,557.32001,101.796,1.12022e-05,2.70247e-06,1.23621e-08,6.0344e-09,6.26618e-06,3.05876e-06,-2.00142,0.205215,0.0,0.0,2100.0,1.0,111.63,20.0,999.0,0.0,0.0,0.0,0.0,0.0,0.0,0.0,0.0,0.00278339,0.942202,0.222585,-2.76129,0.591489,0.942202,0.222585,100.0,b'GRB090626189',1.536,48.897,2.828,50.433,6.3046e-05,1.0656e-07,2.5069176600543104,2.931129958322404,0.26138731396172926,1.2225912145350666,1.9915466850654133,0.17759907896958949,-7.464,0.647
73,GRB090510016,b'GRB90510.0      ',54961.0159606,263607781.97,333.57,-26.62,24.5637,-55.0958,0.05,0.903,1.82872e+28,13.4907,52.271,1,1.19,b'P8_TRANSIENT020E              ',24.0,1,0.536,5.396,5.932,0.04,169.94,2.39,169.98,0.03,174.75,0.0,10.0,3618.01,0.00311962,0.000211136,3.51812e-06,6.41206e-07,3.51812e-05,6.41206e-06,-1.99264,0.065333,5.11118e+52,4.31863e+51,0.04,169.98,2923.57,0.00021719,1.39025e-05,2.12469e-07,3.54054e-08,3.61069e-05,6.01679e-06,-2.05205,0.0633294,5.81881e+52,4.62006e+51,-0.048,0.912,1284.81,0.00924521,0.0011622,1.8034e-05,6.22068e-06,1.73127e-05,5.97185e-06,-1.79433,0.102198,1.6835e+52,2.63116e+51,0.912,169.98,1869.15,0.000166466,1.24472e-05,1.31482e-07,2.41952e-08,2.22295e-05,4.09063e-06,-2.1516,0.0792874,4.18965e+52,3.79341e+51,30000.0,1.0,0.83,260.0,0.00391468,-2.94783,0.326481,2.31601,0.175004,1.34096,0.179843,0.612129,0.159725,0.00562261,1.81339,0.0834448,-1.59215,0.0387869,1.34096,0.179843,2600.0,b'GRB090510016',-0.048,0.96,0.138,0.912,3.3732e-06,4.0576e-08,42.567383397025644,84.8782645938937,0.4794845306575752,12.025821518905806,45.3620754784431,0.25625392357948923,-0.088,-5.444
74,GRB110921912,b'GRB110921B      ',55825.9116319,338334767.09,5.77,-26.59,36.1869,-83.6533,0.39,0.0,0.0,33.9401,21.1935,1,0.81,b'P8_TRANSIENT010E              ',7.1,1,17.073,0.935,18.008,7.4,314.22,52.685,321.62,6.73,426.32001,0.0,500.0,55.2979,4.37988e-06,1.44752e-06,6.00112e-09,4.30769e-09,3.00056e-06,2.15384e-06,-1.9176,0.269647,0.0,0.0,7.4,321.62,54.7957,6.27929e-06,2.15513e-06,1.0534e-08,7.91962e-09,3.30999e-06,2.4885e-06,-1.84533,0.264268,0.0,0.0,0.896,18.56,43.0495,5.55691e-05,2.58089e-05,6.33728e-08,6.74177e-08,1.11942e-06,1.19087e-06,-1.98815,0.417368,0.0,0.0,18.56,321.62,36.347,4.4273e-06,1.88324e-06,6.70372e-09,6.14242e-09,2.03163e-06,1.86152e-06,-1.8813,0.336938,0.0,0.0,2000.0,1.0,202.48,10.0,999.0,0.0,0.0,0.0,0.0,0.0,0.0,0.0,0.0,999.0,0.0,0.0,0.0,0.0,0.0,0.0,50.0,b'GRB110921912',0.896,17.664,0.345,18.56,3.6311e-05,7.8966e-08,8.849583312763068,6.01602430225935,0.3381943752095928,6.616052625482503,8.256526206888905,0.46414566964644977,-6.5040000000000004,-0.039000000000000035
85,GRB131014215,b'GRB131014A      ',56579.2145833,403420143.2,100.78,-20.76,230.7301,-11.0592,0.81,0.0,0.0,72.501,76.0067,1,3.3,b'P8_TRANSIENT020E              ',17.0,1,1.682,1.811,3.493,1.85,198.60001,4.955,200.45,1.83,210.34,1.85,200.45,155.255,6.05895e-05,1.27473e-05,8.60071e-08,4.99144e-08,1.7081e-05,9.91299e-06,-1.9046,0.182136,0.0,0.0,1.85,200.45,155.255,6.05895e-05,1.27473e-05,8.60071e-08,4.99144e-08,1.7081e-05,9.91299e-06,-1.9046,0.182136,0.0,0.0,0.96,4.16,131.946,0.00383231,0.00129106,4.36076e-06,3.18297e-06,1.39544e-05,1.01855e-05,-1.98904,0.309298,0.0,0.0,4.16,200.45,82.464,3.81317e-05,1.01995e-05,4.49811e-08,2.83933e-08,8.82934e-06,5.57331e-06,-1.97473,0.245834,0.0,0.0,1800.0,0.98,14.37,23.0,999.0,0.0,0.0,0.0,0.0,0.0,0.0,0.0,0.0,0.00711762,0.816273,0.174624,-2.89022,0.340967,0.816273,0.174624,98.0,b'GRB131014215',0.96,3.2,0.091,4.16,0.00019793,1.5013e-07,63.250398171300304,50.70232573822394,0.8169545108600198,35.99617862593031,53.49331480203512,0.8619257468943589,-0.8900000000000001,-0.851
90,GRB130310840,b'GRB130310A      ',56361.8400579,384638984.5,142.38,-17.1,249.1022,24.0312,0.47,0.0,0.0,75.6174,49.7983,1,2.35,b'P8_TRANSIENT010E              ',11.0,1,4.132,0.078,4.21,67.23,492.84,31.86,560.07001,3.51,560.07001,20.096,560.07001,53.6175,7.09109e-06,2.17995e-06,6.92263e-09,4.20079e-09,3.73804e-06,2.26832e-06,-2.05295,0.272376,0.0,0.0,67.23,560.07001,48.4391,6.61185e-06,2.1447e-06,5.98731e-09,3.72627e-09,2.95078e-06,1.83646e-06,-2.08639,0.292794,0.0,0.0,4.096,20.096,14.1814,0.00101043,0.0,1.11941e-06,0.0,1.79105e-05,0.0,-2.12832,0.751521,0.0,0.0,20.096,560.07001,53.6175,7.09109e-06,2.17995e-06,6.92263e-09,4.20079e-09,3.73804e-06,2.26832e-06,-2.05295,0.272376,0.0,0.0,1400.0,1.0,329.89999,11.0,999.0,0.0,0.0,0.0,0.0,0.0,0.0,0.0,0.0,999.0,0.0,0.0,0.0,0.0,0.0,0.0,47.0,b'GRB130310840',4.096,16.0,2.561,20.096,1.1295e-05,6.7067e-08,152.8210712584224,186.96376168930624,6.069751048875212,87.03722167659058,147.49548457349027,4.788430627274709,-63.134,4.018
95,GRB190727846,b'GRB190727B      ',58691.8460301,585951502.0,126.19,-13.34,236.0301,13.7536,0.28,0.0,0.0,45.7713,26.4663,0,2.03,b'P8_TRANSIENT010E              ',14.0,1,0.981,1.971,2.952,14.08,306.92999,0.58,321.01001,12.92,321.01001,0.0,3881.53003,37.1666,2.54871e-06,1.09575e-06,1.54455e-09,8.66349e-10,5.99521e-06,3.36276e-06,-2.30057,0.42519,0.0,0.0,14.08,321.01001,35.9671,6.62445e-06,2.59243e-06,3.47488e-09,2.20854e-09,1.06655e-06,6.77868e-07,-2.40069,0.464665,0.0,0.0,3.072,38.145,7.50854,4.2325e-05,0.0,4.68898e-08,0.0,1.64457e-06,0.0,-2.22677,0.817959,0.0,0.0,38.145,321.01001,34.3459,6.30442e-06,2.63245e-06,3.58926e-09,2.54932e-09,1.01528e-06,7.21115e-07,-2.34178,0.477852,0.0,0.0,2300.0,1.0,321.01001,7.0,999.0,0.0,0.0,0.0,0.0,0.0,0.0,0.0,0.0,999.0,0.0,0.0,0.0,0.0,0.0,0.0,40.0,b'GRB190727846',3.072,35.073,0.572,38.145,6.2153e-05,2.0753e-08,6.389209670236775,13.493933603462565,1.541953026112231,3.9969226741832427,10.757746294232136,1.229286465254057,-11.008,1.101
97,GRB110120666,b'GRB110120A      ',55581.6664236,317231981.23,61.62,-12.02,204.5281,-41.9733,0.2,0.0,0.0,14.6458,31.4977,1,1.16,b'P8_TRANSIENT010E              ',6.6,1,0.295,0.231,0.526,0.58,1112.27002,223.13,1112.84998,0.29,1558.81995,0.58,1112.84998,74.2733,2.38665e-06,6.73468e-07,2.44167e-09,1.42798e-09,2.7158e-06,1.5883e-06,-2.03285,0.252284,0.0,0.0,0.58,1112.84998,74.2733,2.38665e-06,6.73468e-07,2.44167e-09,1.42798e-09,2.7158e-06,1.5883e-06,-2.03285,0.252284,0.0,0.0,0.003,26.176,18.2938,4.81127e-05,0.0,5.33017e-08,0.0,1.39506e-06,0.0,-2.67255,0.929262,0.0,0.0,26.176,1112.84998,62.9748,2.06683e-06,6.4081e-07,2.30824e-09,1.48453e-09,2.5083e-06,1.6132e-06,-1.99657,0.266847,0.0,0.0,2000.0,1.0,72.46,10.0,999.0,0.0,0.0,0.0,0.0,0.0,0.0,0.0,0.0,0.00869437,0.552345,0.41672,-3.91038,1.10385,0.552345,0.41672,67.0,b'GRB110120666',0.003,26.173,1.568,26.176,1.8853e-05,4.3905e-08,20.15909328975761,21.83001797949764,0.5136828927019663,10.70865950119729,16.694432950227156,0.3928370838806585,-0.577,-0.228
100,GRB140619475,b'GRB140619B      ',56827.475463,424869883.52,132.66,-9.65,236.467,21.0764,0.2,0.0,0.0,38.8513,25.8183,0,2.07,b'P8_TRANSIENT020E              ',10.0,1,0.174,1.124,1.298,0.2,5.12,1.07,5.32,0.19,7.45,0.2,5.32,319.016,0.000832254,0.000175646,1.25924e-06,6.64753e-07,6.44731e-06,3.40353e-06,-1.88156,0.183101,0.0,0.0,0.2,5.32,319.016,0.000832254,0.000175646,1.25924e-06,6.64753e-07,6.44731e-06,3.40353e-06,-1.88156,0.183101,0.0,0.0,-0.256,2.56,313.572,0.00140053,0.000308727,1.70917e-06,9.29638e-07,4.81301e-06,2.61786e-06,-1.96144,0.204825,0.0,0.0,2.56,5.32,28.2106,0.000186278,0.000113592,5.27362e-07,7.65109e-07,1.45552e-06,2.1117e-06,-1.67544,0.433874,0.0,0.0,23000.0,1.0,0.61,23.0,999.0,0.0,0.0,0.0,0.0,0.0,0.0,0.0,0.0,999.0,0.0,0.0,0.0,0.0,0.0,0.0,210.0,b'GRB140619475',-0.256,2.816,0.81,2.56,1.5459e-06,6.9537e-08,1.6828155827427684,1.3573028175725041,0.7465144378042936,0.8574775324440863,1.231889995759581,0.6775377852065445,-0.456,-1.3800000000000001
110,GRB080825593,b'GRB080825C      ',54703.5929167,241366429.11,234.83,-3.84,2.1255,39.026,0.65,0.0,0.0,60.223,26.2922,0,4.06,b'P8_TRANSIENT020E              ',8.5,1,2.844,1.203,4.047,3.06,170.45,0.66,173.50999,2.98,174.75,0.0,100.0,87.1023,8.04357e-05,2.14799e-05,2.61691e-08,8.16495e-09,2.61691e-06,8.16495e-07,-2.96561,0.419983,0.0,0.0,3.06,173.50999,85.8878,4.90571e-05,1.30792e-05,1.71071e-08,5.58889e-09,2.91591e-06,9.52627e-07,-2.84364,0.385928,0.0,0.0,1.216,22.208,50.8922,0.000211567,7.40948e-05,5.25227e-08,1.90751e-08,1.10256e-06,4.00425e-07,-3.8103,0.821205,0.0,0.0,22.208,173.50999,22.5581,2.62378e-05,1.07868e-05,1.39666e-08,8.56082e-09,2.11318e-06,1.29527e-06,-2.38968,0.418116,0.0,0.0,680.0,1.0,28.28,13.0,999.0,0.0,0.0,0.0,0.0,0.0,0.0,0.0,0.0,4.57722e-05,1.45286,0.0336855,-1.91415,0.0693467,1.45286,0.0336855,56.0,b'GRB080825593',1.216,20.992,0.231,22.208,3.4194e-05,9.6983e-08,4.3126682987783616,3.07022815088472,0.37811866621397777,2.690721994195102,2.07915531884228,0.2560613447406604,-1.844,0.0129999999999999
118,GRB190606080,b'GRB190606A      ',58640.0799421,581478912.78,76.54,-0.68,200.8654,-23.5771,0.47,0.0,0.0,72.4808,32.0924,0,1.74,b'P8_TRANSIENT010E              ',7.2,1,0.021,0.101,0.122,31.6,122.74,61.37,154.34,29.52,275.0,0.0,226.99001,39.0621,5.40533e-05,2.5668e-05,2.33087e-08,1.21278e-08,5.29085e-06,2.75289e-06,-2.57263,0.538939,0.0,0.0,31.6,154.34,9.4052,8.67269e-05,0.0,9.60803e-08,0.0,1.17929e-05,0.0,-2.60497,0.923977,0.0,0.0,0.0,0.0,0.0,0.0,0.0,0.0,0.0,0.0,0.0,0.0,0.0,0.0,0.0,0.224,154.34,17.2647,8.36728e-05,0.0,9.26969e-08,0.0,1.42861e-05,0.0,-3.10208,0.904834,0.0,0.0,1600.0,1.0,154.34,3.0,999.0,0.0,0.0,0.0,0.0,0.0,0.0,0.0,0.0,999.0,0.0,0.0,0.0,0.0,0.0,0.0,26.0,b'GRB190606080',0.0,0.224,0.036,0.224,4.0181e-06,1.34e-08,0.0,0.0,0.0,,,,-31.6,-0.101
131,GRB140402007,b'GRB140402A      ',56749.0070139,418090209.99,207.66,5.97,339.2299,64.5844,0.16,0.0,0.0,13.6688,45.9661,0,1.62,b'P8_TRANSIENT020E              ',8.4,1,-0.306,1.546,1.24,0.05,71.6,5.325,71.65,0.05,82.3,0.0,100.0,92.3306,2.01166e-05,6.14522e-06,4.12054e-08,2.82482e-08,4.12054e-06,2.82482e-06,-1.77822,0.228437,0.0,0.0,0.11,71.65,75.7564,2.04019e-05,7.55193e-06,4.46496e-08,3.57545e-08,3.19424e-06,2.55788e-06,-1.75669,0.267163,0.0,0.0,-0.128,0.192,61.1612,0.00184099,0.000928928,1.03235e-06,1.03565e-06,3.3035e-07,3.31407e-07,-2.35224,0.642326,0.0,0.0,0.192,71.65,62.4114,1.822e-05,7.22156e-06,4.62599e-08,3.87085e-08,3.30564e-06,2.76603e-06,-1.70938,0.273472,0.0,0.0,3700.0,1.0,8.73,16.0,999.0,0.0,0.0,0.0,0.0,0.0,0.0,0.0,0.0,0.000632687,0.869832,0.056398,-3.67074,0.0773662,0.869832,0.056398,93.0,b'GRB140402007',-0.128,0.32,0.63,0.192,2.8428e-07,2.9008e-08,90.23620349085135,23.12114778183903,0.10342053195752354,71.32427537165404,31.082109476308418,0.13902998759538576,-0.238,-1.674
151,GRB191202867,b'GRB191202A      ',58819.8672569,597012536.23,249.47,17.49,34.9555,37.1701,0.25,0.0,0.0,11.565,40.3696,0,5.84,b'P8_TRANSIENT010E              ',7.7,1,8.113,1.985,10.098,96.84,369.95001,64.935,466.79001,10.97,510.79001,0.0,3881.53003,60.4701,2.82057e-06,9.48597e-07,9.62588e-09,6.9569e-09,3.73631e-05,2.70034e-05,-1.61829,0.223472,0.0,0.0,96.84,466.79001,27.1084,2.3211e-06,1.10849e-06,7.90026e-09,8.11484e-09,2.9227e-06,3.00209e-06,-1.6191,0.312386,0.0,0.0,1.024,31.745,3.46715,2.38716e-05,0.0,2.64462e-08,0.0,8.12453e-07,0.0,-6.0,0.00441209,0.0,0.0,31.745,466.79001,39.8653,2.29741e-06,1.01774e-06,1.0041e-08,9.07188e-09,4.36827e-06,3.94668e-06,-1.54402,0.272588,0.0,0.0,1800.0,1.0,392.35999,6.0,999.0,0.0,0.0,0.0,0.0,0.0,0.0,0.0,0.0,999.0,0.0,0.0,0.0,0.0,0.0,0.0,58.0,b'GRB191202867',1.024,30.721,0.81,31.745,1.9505e-05,3.4499e-08,10.284606436603335,3.3475100819466705,0.2779802921955726,7.1073326264622185,3.392666591353215,0.28173041904744656,-95.816,-0.9610000000000001
154,GRB220107793,b'GRB220107B      ',59586.7927431,663274898.52,216.47,19.9,19.5014,67.2202,0.24,0.0,0.0,54.249,30.8862,0,2.22,b'P8_TRANSIENT020E              ',11.0,1,12.09,1.282,13.372,2.78,359.32001,11.195,362.10001,2.54,384.25,0.832,25.665,256.038,0.000243075,5.02268e-05,2.12264e-07,9.93795e-08,5.27114e-06,2.46789e-06,-2.10312,0.212409,0.0,0.0,2.78,362.10001,163.986,1.93501e-05,3.24866e-06,1.57614e-08,5.70516e-09,5.66338e-06,2.04998e-06,-2.13636,0.172984,0.0,0.0,0.832,25.665,256.038,0.000243075,5.02268e-05,2.12264e-07,9.93795e-08,5.27114e-06,2.46789e-06,-2.10312,0.212409,0.0,0.0,25.665,362.10001,62.229,9.56786e-06,2.38996e-06,5.8974e-09,2.8936e-09,1.98409e-06,9.73507e-07,-2.28986,0.292236,0.0,0.0,2400.0,1.0,6.98,43.0,999.0,0.0,0.0,0.0,0.0,0.0,0.0,0.0,0.0,0.000692361,1.54936,0.127958,-1.64067,0.268979,1.54936,0.127958,180.0,b'GRB220107793',0.832,24.833,0.362,25.665,2.6107e-05,4.799e-08,12.561950584234708,13.467331582219854,0.9307410062542156,5.7646195383634815,10.266758853336583,0.7095470966628307,-1.948,-0.45000000000000007
155,GRB081024891,b'GRB081024B      ',54763.8907407,246576161.86,323.01,20.84,72.5531,-21.9686,0.31,0.0,0.0,19.1504,30.6101,0,3.16,b'P8_TRANSIENT020E              ',8.0,1,-0.044,1.32,1.276,0.17,2.02,0.04,2.19,0.16,2.26,0.0,10.0,152.253,0.000213041,5.74882e-05,1.28857e-07,7.27054e-08,1.28857e-06,7.27054e-07,-2.3018,0.334068,0.0,0.0,0.17,2.19,138.278,0.000826545,0.00025094,5.56576e-07,3.71747e-07,1.12428e-06,7.50928e-07,-2.23693,0.358541,0.0,0.0,-0.064,0.576,76.214,0.00142911,0.000586579,9.16834e-07,8.10878e-07,5.86774e-07,5.18962e-07,-2.26533,0.495147,0.0,0.0,0.576,2.19,75.3558,0.000568475,0.000233842,3.26128e-07,2.72958e-07,5.26371e-07,4.40554e-07,-2.33658,0.522374,0.0,0.0,1700.0,1.0,2.12,12.0,999.0,0.0,0.0,0.0,0.0,0.0,0.0,0.0,0.0,999.0,0.0,0.0,0.0,0.0,0.0,0.0,83.0,b'GRB081024891',-0.064,0.64,0.264,0.576,3.547e-07,2.8646e-08,1.7290165689708363,1.6472754843902722,0.5219109118724872,1.1879624756714415,1.983677445749505,0.6284942743812729,-0.234,-1.3840000000000001
168,GRB190515190,b'GRB190515A      ',58618.1896181,579587588.14,137.75,28.93,197.1983,41.7693,0.95,0.0,0.0,44.6744,64.0642,0,1.01,b'P8_TRANSIENT020E              ',7.3,1,0.165,1.645,1.81,0.18,1.62,0.045,1.8,0.16,1.87,0.18,1.8,140.449,0.00155902,0.000458075,6.54154e-07,3.07498e-07,1.05973e-06,4.98146e-07,-2.60131,0.435659,0.0,0.0,0.18,1.8,140.449,0.00155902,0.000458075,6.54154e-07,3.07498e-07,1.05973e-06,4.98146e-07,-2.60131,0.435659,0.0,0.0,-0.112,1.152,108.923,0.0016916,0.000545789,5.7622e-07,2.81191e-07,7.28342e-07,3.55425e-07,-2.8824,0.567057,0.0,0.0,1.152,1.8,30.487,0.000604865,0.000431537,8.7309e-07,1.56123e-06,5.65762e-07,1.01168e-06,-1.89851,0.630886,0.0,0.0,550.0,0.93,0.34,12.0,999.0,0.0,0.0,0.0,0.0,0.0,0.0,0.0,0.0,999.0,0.0,0.0,0.0,0.0,0.0,0.0,79.0,b'GRB190515190',-0.112,1.264,0.471,1.152,1.5425e-07,1.1763e-08,1.0850406024297314,0.8808629160717507,0.6872901588140375,0.6844561635774705,0.7412901616530958,0.5783884156693259,-0.292,-1.7570000000000001
175,GRB090227772,b'GRB090227B      ',54889.7715394,257452263.407,11.8,32.2,121.8897,-30.6632,1.8,0.0,0.0,72.652,86.5546,1,-1.0,b'P8_TRANSIENT020E              ',15.0,1,0.039,1.144,1.183,-666.0,0.0,-666.0,-666.0,0.0,-1332.0,0.0,1.2,29.5354,0.00571265,0.0034187,1.22322e-06,8.06593e-07,1.46786e-06,9.67912e-07,-4.9397,1.79484,0.0,0.0,0.0,0.0,0.0,0.0,0.0,0.0,0.0,0.0,0.0,0.0,0.0,0.0,0.0,-0.016,0.288,23.1253,0.0164047,0.0114914,3.27357e-06,2.30133e-06,9.95166e-07,6.99604e-07,-5.99999,0.0128763,0.0,0.0,0.0,0.0,0.0,0.0,0.0,0.0,0.0,0.0,0.0,0.0,0.0,0.0,0.0,-670.0,-670.0,-666.0,0.0,999.0,0.0,0.0,0.0,0.0,0.0,0.0,0.0,0.0,999.0,0.0,0.0,0.0,0.0,0.0,0.0,0.0,b'GRB090227772',-0.016,0.304,0.023,0.288,1.1095e-05,1.1791e-08,inf,inf,inf,,,,-0.016,-1.16
195,GRB160917479,b'GRB160917A      ',57648.4793866,495804623.286,295.668,46.403,79.6595,11.1962,0.01,0.0,0.0,46.1434,89.6863,0,-1.0,b'P8_TRANSIENT020E              ',7.1,1,-0.117,0.443,0.326,-666.0,0.0,-666.0,-666.0,0.0,-1332.0,0.0,0.0,0.0,0.0,0.0,0.0,0.0,0.0,0.0,0.0,0.0,0.0,0.0,0.0,0.0,0.0,0.0,0.0,0.0,0.0,0.0,0.0,0.0,0.0,0.0,0.0,-0.256,19.2,-7.2585e-07,3.41102e-05,0.0,3.7789e-08,0.0,7.35222e-07,0.0,-0.567297,1.77098,0.0,0.0,0.0,0.0,0.0,0.0,0.0,0.0,0.0,0.0,0.0,0.0,0.0,0.0,0.0,-670.0,-670.0,-666.0,0.0,999.0,0.0,0.0,0.0,0.0,0.0,0.0,0.0,0.0,999.0,0.0,0.0,0.0,0.0,0.0,0.0,0.0,b'GRB160917479',-0.256,19.456,5.638,19.2,5.2324e-06,6.1881e-08,inf,inf,inf,,,,-0.256,-0.6990000000000001
213,GRB220210998,b'GRB220210A      ',59620.997662,666230203.37,348.14,61.06,111.257,0.4496,0.99,0.0,0.0,16.0184,44.657,0,2.62,b'P8_TRANSIENT020E              ',15.0,1,0.036,0.649,0.685,0.3,6.05,1.995,6.35,0.26,10.3,0.0,13.27,44.3373,9.82957e-05,3.82339e-05,2.10905e-08,8.4945e-09,2.79871e-07,1.12722e-07,-4.91643,1.43267,0.0,0.0,0.3,6.35,42.3547,0.000187513,7.7867e-05,3.98743e-08,1.7672e-08,2.4124e-07,1.06916e-07,-5.02097,1.57307,0.0,0.0,-0.512,43.008,33.5959,3.57046e-05,1.34156e-05,7.45548e-09,2.90175e-09,3.24462e-07,1.26284e-07,-5.25484,1.48365,0.0,0.0,0.0,0.0,0.0,0.0,0.0,0.0,0.0,0.0,0.0,0.0,0.0,0.0,0.0,190.0,0.99,0.59,7.0,999.0,0.0,0.0,0.0,0.0,0.0,0.0,0.0,0.0,999.0,0.0,0.0,0.0,0.0,0.0,0.0,51.0,b'GRB220210998',-0.512,43.52,4.471,43.008,1.6531e-06,6.1653e-08,0.1904113314810173,0.1869745675786158,1.3449759575526445,0.1420373382837648,0.14418605718960778,1.0371833981161835,-0.812,-1.161
216,GRB150314205,b'GRB150314A      ',57095.2047454,448001693.86,126.12,63.79,152.3716,34.3558,0.72,1.758,4.17913e+28,45.1127,91.926,1,1.27,b'P8_TRANSIENT010E              ',6.6,1,-0.173,0.2,0.027,0.1,3064.17993,105.135,3064.28003,0.1,3274.55005,0.0,500.0,38.0783,7.47625e-06,2.17738e-06,2.99433e-09,1.17459e-09,1.49716e-06,5.87296e-07,-2.65369,0.376916,2.22258e+52,7.47768e+51,0.1,3064.28003,22.7681,1.04794e-06,3.78535e-07,4.87854e-10,2.08004e-10,1.49487e-06,6.37362e-07,-2.49914,0.398116,1.8339e+52,7.36838e+51,0.0,0.0,0.0,0.0,0.0,0.0,0.0,0.0,0.0,0.0,0.0,0.0,0.0,11.296,3064.28003,19.8533,1.343e-06,0.0,1.48784e-09,0.0,4.54235e-06,0.0,-2.4729,0.418632,8.81685e+51,0.0,1900.0,0.97,3064.28003,13.0,999.0,0.0,0.0,0.0,0.0,0.0,0.0,0.0,0.0,0.00150099,0.946446,0.133003,-3.02942,0.350515,0.946446,0.133003,30.0,b'GRB150314205',0.608,10.688,0.143,11.296,8.1592e-05,1.2798e-07,0.0,0.0,0.0,,,,-0.1,0.408
219,GRB110529034,b'GRB110529A      ',55710.0338194,328322924.87,118.33,67.91,147.8849,30.783,1.5,0.0,0.0,29.9601,79.9138,1,-1.0,b'P8_TRANSIENT020E              ',15.0,1,0.015,0.093,0.108,-666.0,0.0,-666.0,-666.0,0.0,-1332.0,0.0,0.384,10.1346,0.00190511,0.0,2.11057e-06,0.0,8.10459e-07,0.0,-5.9999,0.035054,0.0,0.0,0.0,0.0,0.0,0.0,0.0,0.0,0.0,0.0,0.0,0.0,0.0,0.0,0.0,-0.128,0.384,9.55798,0.00142754,0.0,1.58149e-06,0.0,8.09725e-07,0.0,-6.0,0.00323047,0.0,0.0,0.0,0.0,0.0,0.0,0.0,0.0,0.0,0.0,0.0,0.0,0.0,0.0,0.0,-670.0,-670.0,-666.0,0.0,999.0,0.0,0.0,0.0,0.0,0.0,0.0,0.0,0.0,999.0,0.0,0.0,0.0,0.0,0.0,0.0,0.0,b'GRB110529034',-0.128,0.512,0.091,0.384,1.4727e-06,1.3262e-08,inf,inf,inf,,,,-0.128,-0.221
222,GRB130502327,b'GRB130502B      ',56414.3272106,389173874.76,66.65,70.83,138.8486,14.9548,0.32,0.0,0.0,46.4341,96.4185,0,2.96,b'P8_TRANSIENT010E              ',8.0,1,13.805,1.563,15.368,12.38,1304.20996,163.345,1316.58997,10.97,1641.87,0.0,500.0,407.343,4.28435e-05,6.16929e-06,4.41784e-08,1.58591e-08,2.20892e-05,7.92953e-06,-2.02952,0.118923,0.0,0.0,12.38,1316.58997,345.18,1.52586e-05,2.22803e-06,1.58419e-08,5.83091e-09,2.06611e-05,7.60473e-06,-2.02664,0.121127,0.0,0.0,7.168,31.488,218.751,0.000263923,5.98497e-05,2.03144e-07,9.09244e-08,4.94046e-06,2.21128e-06,-2.16466,0.228212,0.0,0.0,31.488,1316.58997,238.353,1.13205e-05,1.92449e-06,1.26966e-08,5.57166e-09,1.63165e-05,7.16016e-06,-1.99485,0.139616,0.0,0.0,31000.0,0.97,222.10001,68.0,999.0,0.0,0.0,0.0,0.0,0.0,0.0,0.0,0.0,0.000469661,1.4425,0.0640647,-1.35279,0.135857,1.4425,0.0640647,330.0,b'GRB130502327',7.168,24.32,0.362,31.488,0.00010496,6.4268e-08,17.29667204068525,12.82320933726384,0.23911892396823015,7.685688437364674,9.667730712675027,0.18027775655051226,-5.212000000000001,5.605
223,GRB170728961,b'GRB170728B      ',57962.9606366,522975804.43,237.43,70.85,105.5221,39.6976,1.01,0.0,0.0,31.4994,68.1481,1,6.15,b'P8_TRANSIENT010E              ',6.6,1,-0.007,0.41,0.403,0.21,469.07001,0.01,469.28,0.19,469.28,0.0,500.0,29.7324,4.1894e-06,1.50957e-06,1.89984e-09,9.84258e-10,9.49919e-07,4.92129e-07,-2.52326,0.433439,0.0,0.0,0.21,469.28,16.8253,5.83793e-06,0.0,6.46755e-09,0.0,3.03373e-06,0.0,-2.48668,0.487028,0.0,0.0,0.0,46.336,21.143,2.02759e-05,9.5647e-06,1.34033e-08,1.25702e-08,6.21056e-07,5.82451e-07,-2.24761,0.525322,0.0,0.0,46.336,469.28,5.55864,4.21391e-06,0.0,4.66838e-09,0.0,1.97446e-06,0.0,-2.88504,0.855708,0.0,0.0,630.0,0.92,9.27,7.0,999.0,0.0,0.0,0.0,0.0,0.0,0.0,0.0,0.0,999.0,0.0,0.0,0.0,0.0,0.0,0.0,30.0,b'GRB170728961',0.0,46.336,0.81,46.336,4.0192e-06,3.1752e-08,3.473131743614603,2.0723921732340687,0.2047169655836215,1.63837182014858,1.9435798718216326,0.19199170657902978,-0.21,-0.41
