,Unnamed: 0,name        ,time                   ,ra        ,dec      ,error_radius,lle_bbbd_sig,lle_t90 ,tl100      ,tl100_error,like_best_ts,like_lat_t0,like_lat_t1,like_lat_flux,like_lat_flux_error,like_lat_flux_ene,like_lat_flux_ene_error,like_gbm_t0,like_gbm_t1,like_gbm_flux,like_gbm_flux_error,like_gbm_flux_ene,like_gbm_flux_ene_error,Unnamed: 23,flux_ratio,flux_ene_ratio,flux_ratio_error,flux_ene_ratio_error,GBM-LAT Time Difference
0,,GRB140323433,2014-03-23 10:22:53.003,23 46 04.8,-79 55 12,0.18,0.0,0.0,488.82001,147.83501,39.782,226.8,715.62,4.81799e-06,0.0,5.33761e-09,0.0,0.0,0.0,0.0,0.0,0.0,0.0,,0.0,0.0,,,-226.8
1,,GRB190731943,2019-07-31 22:38:23.004,22 41 14.4,-76 25 12,0.31,17.0,6.354,275.67999,22.225,177.926,0.06,275.73999,1.80898e-05,3.88838e-06,1.72243e-08,8.56787e-09,1.792,17.664,8.08939e-05,3.35793e-05,2.46499e-08,1.23905e-08,,4.471796260876294,1.4311118594079295,8.635807199913588,1.4461587302328351,1.732
2,,GRB160325291,2016-03-25 06:59:21.002,01 04 50.4,-72 39 36,0.24,6.5,0.203,1550.73999,458.35501,97.2241,4.98,1555.71997,4.769e-06,9.95543e-07,2.40535e-09,7.3455e-10,2.048,44.993,2.71042e-05,0.0,3.00274e-08,0.0,,5.683413713566785,12.483588666929968,0.0,0.0,-2.9320000000000004
3,,GRB201104001,2020-11-04 00:00:55.996,05 25 28.8,-71 07 48,0.24,8.0,7.229,76.29,0.935,411.988,0.26,76.55,0.000376102,5.87922e-05,1.73551e-07,4.11086e-08,0.0,52.48,0.000429624,6.82292e-05,2.06446e-07,5.22106e-08,,1.1423071400843388,1.1895408266158074,1.1605144900173832,1.2700651445196383,-0.26
4,,GRB171212434,2017-12-12 10:24:18.003,02 37 40.8,-70 37 48,0.43,0.0,0.0,380.35001,128.72501,25.5044,116.62,496.97,3.81207e-06,0.0,4.2232e-09,0.0,0.0,0.0,0.0,0.0,0.0,0.0,,0.0,0.0,,,-116.62
5,,GRB120107384,2012-01-07 09:12:14.996,16 20 02.4,-70 35 24,0.34,0.0,0.0,47.51,12.695,53.2877,1.28,48.79,3.71005e-05,1.69551e-05,5.01006e-08,4.57445e-08,0.064,23.104,7.81903e-05,2.97993e-05,4.35573e-08,3.0297e-08,,2.1075268527378337,0.8693967736913331,1.7575419785197375,0.6623091300593514,-1.216
6,,GRB130327350,2013-03-27 08:24:04.000,14 33 02.4,-69 45 36,0.21,0.0,0.0,515.16998,11.57,327.622,8.0,523.16998,1.60244e-05,2.48234e-06,3.38163e-08,1.41296e-08,2.048,33.28,6.6381e-05,2.23725e-05,1.10294e-07,8.79865e-08,,4.142495194827887,3.261563210641022,9.012665468872111,6.22710480126826,-5.952
7,,GRB150902733,2015-09-02 17:35:39.002,14 19 48.0,-69 22 48,0.18,21.0,9.595,405.17999,1.745,211.541,3.49,408.67001,2.40948e-05,4.10334e-06,1.4207e-08,4.10831e-09,3.84,17.408,0.00036606,8.30101e-05,1.13528e-07,3.56229e-08,,15.19248966582001,7.990990356866334,20.229885897829575,8.670937684838778,0.34999999999999964
8,,GRB210520797,2021-05-20 19:07:01.998,08 13 48.0,-69 13 12,0.87,0.0,0.0,6.33,0.475,125.185,1.34,7.67,0.000332368,9.72459e-05,1.2449e-07,5.37976e-08,0.256,56.321,4.69537e-05,1.24653e-05,1.91521e-08,7.98694e-09,,0.1412702185529293,0.15384448550084345,0.1281832961595296,0.14846275670290124,-1.084
9,,GRB180703876,2018-07-03 21:01:39.999,00 26 14.4,-67 06 00,0.33,18.0,7.117,1610.12,81.95,53.9861,3.84,1613.95996,3.10009e-06,9.26452e-07,1.48076e-09,5.74929e-10,1.536,22.272,5.44033e-05,2.93517e-05,1.45953e-08,9.71274e-09,,17.548942127486622,9.85662767767903,31.681835648258083,16.89380775713175,-2.304
10,,GRB141221897,2014-12-21 21:31:47.997,06 36 28.8,-66 54 00,0.33,0.0,0.0,36.3,6.74,41.4874,22.17,58.47,2.0847e-05,1.10124e-05,7.15119e-08,8.2991e-08,-1.28,31.233,3.39071e-05,0.0,3.75639e-08,0.0,,1.6264738331654436,0.5252818062448347,0.0,0.0,-23.450000000000003
12,,GRB170127067,2017-01-27 01:35:47.000,22 35 55.2,-63 58 12,0.52,0.0,0.0,2224.23999,45.69,35.9158,664.76001,2889.0,1.21421e-06,3.86321e-07,4.02101e-10,1.50165e-10,0.0,0.0,0.0,0.0,0.0,0.0,,0.0,0.0,0.0,0.0,-664.76001
13,,GRB200803149,2020-08-03 03:34:25.997,20 45 09.6,-63 04 48,0.46,0.0,0.0,212.48,8.255,36.8221,26.0,238.48,7.12115e-06,3.01412e-06,7.43519e-09,6.40577e-09,2.304,120.578,1.2858e-05,0.0,1.42447e-08,0.0,,1.8056072404035863,1.9158488216172014,0.0,0.0,-23.696
14,,GRB081006604,2008-10-06 14:29:33.996,09 00 00.0,-61 57 00,0.38,0.0,0.0,61.49,18.525,111.606,0.78,62.27,3.33584e-05,9.59503e-06,3.39404e-08,2.23871e-08,-0.256,6.144,0.000206785,7.40586e-05,1.49303e-07,1.13347e-07,,6.1988884358962055,4.398975851787251,7.718433397290056,5.0630497027305905,-1.036
15,,GRB100225115,2010-02-25 02:45:30.997,20 47 43.2,-60 30 36,0.34,10.0,6.992,1005.82001,17.665,46.563,6.62,1012.44,2.20804e-06,9.0178e-07,1.65446e-09,1.11908e-09,-0.256,12.736,0.000181642,7.13622e-05,4.57239e-08,1.90699e-08,,82.26390826253147,27.6367515684876,79.13482224045777,17.040694141616328,-6.876
16,,GRB200219317,2020-02-19 07:36:49.000,22 51 31.2,-60 12 00,0.29,7.3,0.213,1.0,0.505,30.3474,0.0,0.0,0.0,0.0,0.0,0.0,0.0,0.0,0.0,0.0,0.0,0.0,,,,,,0.0
17,,GRB140528837,2014-05-28 20:05:22.001,18 42 21.6,-59 27 36,0.36,0.0,0.0,1296.77002,313.435,35.8742,81.13,1377.90002,1.91321e-06,7.33264e-07,2.16737e-09,1.46048e-09,0.0,0.0,0.0,0.0,0.0,0.0,,0.0,0.0,0.0,0.0,-81.13
18,,GRB160422499,2016-04-22 11:59:00.004,02 48 12.0,-57 54 00,0.1,0.0,0.0,291.82001,256.82501,36.3122,769.62,1061.43994,4.11962e-06,0.0,4.56392e-09,0.0,0.0,0.0,0.0,0.0,0.0,0.0,,0.0,0.0,,,-769.62
19,,GRB091031500,2009-10-31 12:00:28.002,04 47 14.4,-57 43 48,0.23,17.0,16.617,408.12,27.99,165.946,0.06,408.17999,1.00543e-05,2.26075e-06,8.98475e-09,4.32006e-09,1.408,35.329,5.39167e-05,1.74401e-05,2.02955e-08,9.86121e-09,,5.3625513461901875,2.2588831074876876,7.7142983523167095,2.282655796447272,1.3479999999999999
20,,GRB141222298,2014-12-22 07:08:56.996,11 52 00.0,-57 18 36,0.08,8.2,1.293,406.34,12.39,38.9478,34.21,440.54999,7.71704e-06,2.79937e-06,6.82813e-09,4.35757e-09,0.0,0.0,0.0,0.0,0.0,0.0,,0.0,0.0,0.0,0.0,-34.21
21,,GRB150702998,2015-07-02 23:56:37.997,03 30 21.6,-56 52 48,0.54,0.0,0.0,1340.69995,24.205,32.2995,512.57001,1737.12,1.26692e-06,5.60818e-07,8.61306e-10,6.48e-10,0.0,0.0,0.0,0.0,0.0,0.0,,0.0,0.0,0.0,0.0,-512.57001
22,,GRB160829334,2016-08-29 08:01:36.998,13 26 52.8,-56 46 48,0.1,0.0,0.0,30.74,6.18,30.6957,0.95,31.69,1.17056e-05,7.63819e-06,1.21712e-07,1.40848e-07,0.0,0.0,0.0,0.0,0.0,0.0,,0.0,0.0,0.0,0.0,-0.95
23,,GRB120316008,2012-03-16 00:11:01.997,03 49 24.0,-56 24 36,0.31,5.8,0.398,530.03998,33.315,70.0461,15.0,545.03998,4.3979e-06,1.26803e-06,3.40587e-09,2.08203e-09,1.536,28.16,1.74842e-05,1.06202e-05,2.85828e-08,4.05682e-08,,3.9755792537347374,8.392216966590034,8.37535389541257,19.484925769561436,-13.464
24,,GRB140928437,2014-09-28 10:29:53.002,02 55 02.4,-55 55 12,0.1,0.0,0.0,878.03003,42.96,60.8239,1676.64001,2554.66992,1.13238e-06,6.52675e-07,1.43243e-09,1.57295e-09,0.0,0.0,0.0,0.0,0.0,0.0,,0.0,0.0,0.0,0.0,-1676.64001
25,,GRB141012773,2014-10-12 18:33:16.998,19 19 40.8,-53 00 00,0.27,0.0,0.0,103.9,10.435,119.675,3.14,107.04,4.19038e-05,1.17302e-05,4.7771e-08,2.85086e-08,-25.856,11.777,6.56172e-05,2.48133e-05,3.43106e-08,2.09634e-08,,1.5659009445444092,0.7182307257541186,2.1153347769006494,0.7353360038725156,-28.996000000000002
26,,GRB150627183,2015-06-27 04:23:23.001,07 50 00.0,-51 33 00,0.06,9.8,13.583,5990.99023,1284.80005,239.482,152.00999,6143.0,2.36825e-06,4.40864e-07,6.77892e-09,2.37759e-09,0.0,0.0,0.0,0.0,0.0,0.0,,0.0,0.0,0.0,0.0,-152.00999
27,,GRB090720710,2009-07-20 17:02:56.003,13 34 33.1,-51 11 53,0.99,0.0,0.0,1.56,0.37,50.9816,0.12,1.68,0.000987758,0.000457779,6.44754e-07,7.09798e-07,-0.256,10.496,0.000198101,8.04277e-05,8.93551e-08,6.70667e-08,,0.20055620911194846,0.13858789553845344,0.17569110859170037,0.09448702306853499,-0.376
28,,GRB160905471,2016-09-05 11:18:54.999,10 48 02.4,-50 52 48,0.1,22.0,23.343,455.54001,20.1,147.355,7.75,463.29001,9.13796e-06,1.96626e-06,1.86523e-08,8.85753e-09,3.84,37.377,2.70807e-05,1.1491e-05,7.98639e-08,7.90791e-08,,2.963538908027612,4.281718608428987,5.844089794838934,8.927895248449625,-3.91
29,,GRB100620119,2010-06-20 02:51:28.996,05 50 43.2,-50 39 36,1.24,0.0,0.0,39.05,6.105,27.5217,3.75,42.8,1.63992e-05,8.63987e-06,3.74366e-09,2.17911e-09,0.192,52.033,1.82768e-05,7.7236e-06,4.74861e-09,2.22433e-09,,1.1144933899214595,1.268440510089057,0.8939486358012332,1.0207515912459675,-3.558
30,,GRB120709883,2012-07-09 21:11:40.004,21 15 12.0,-50 25 12,0.4,9.9,0.46,695.79999,14.865,125.988,0.11,695.90997,1.02631e-05,2.08241e-06,6.21406e-09,2.21249e-09,-0.128,27.2,8.45134e-05,2.40396e-05,6.22217e-08,3.76408e-08,,8.23468542643061,10.013051048750736,11.54412435591454,17.012867854769965,-0.238
31,,GRB101014175,2010-10-14 04:11:51.999,01 46 00.0,-48 32 24,0.09,12.0,1.666,1925.28003,52.38,48.4252,2270.73999,4196.02002,3.98166e-07,1.99255e-07,3.84489e-09,4.03587e-09,0.0,0.0,0.0,0.0,0.0,0.0,,0.0,0.0,0.0,0.0,-2270.73999
33,,GRB170906030,2017-09-06 00:43:08.000,13 35 45.6,-47 07 12,0.1,0.0,0.0,1821.18994,2.83,205.606,162.06,1894.27002,5.73369e-06,9.48188e-07,5.57307e-09,1.78838e-09,12.032,90.881,0.000290371,0.0,3.21688e-07,0.0,,50.64295418831503,57.721866045106204,0.0,0.0,-150.028
34,,GRB141102536,2014-11-02 12:51:39.004,13 56 16.8,-46 43 48,0.68,0.0,0.0,54.17,1.115,48.5449,3.55,34.54,4.72661e-05,2.15743e-05,6.5722e-08,7.03695e-08,-0.064,2.56,0.000578584,0.0,6.40984e-07,0.0,,12.240993016136303,9.752959435196738,0.0,0.0,-3.614
35,,GRB170115743,2017-01-15 17:49:13.996,12 37 16.8,-46 37 48,0.74,13.0,11.033,1026.62,9.925,111.427,1.27,1027.89001,6.20058e-06,1.92597e-06,2.35911e-09,5.11335e-10,0.512,44.8,7.11025e-05,1.81699e-05,2.08971e-08,6.29841e-09,,11.467072435159293,8.858043923343972,9.434155256831623,12.317580451171933,-0.758
36,,GRB150523396,2015-05-23 09:29:47.996,07 41 21.6,-45 25 48,0.08,8.4,40.477,6125.20996,75.785,248.5,3.88,6129.08984,3.85317e-06,6.20289e-07,5.28045e-09,1.74969e-09,1.792,84.225,5.79906e-05,1.19753e-05,4.85368e-08,2.12711e-08,,15.050101604652792,9.191792366180913,19.30600091247789,12.157067823443011,-2.088
37,,GRB170424425,2017-04-24 10:12:29.998,22 54 48.0,-45 07 12,0.69,12.0,35.192,85.81,2.39,43.6881,21.84,107.65,1.91431e-05,8.84769e-06,1.92594e-08,1.92937e-08,2.816,56.065,1.90774e-05,1.14202e-05,2.55181e-08,3.43043e-08,,0.9965679539886435,1.3249685867680199,1.290754988025123,1.778005255601569,-19.024
38,,GRB090227310,2009-02-27 07:25:57.000,00 18 14.4,-44 37 48,0.34,6.8,9.901,201.39999,0.18,33.2463,2.9,204.3,3.06844e-06,1.66294e-06,7.41967e-09,9.37025e-09,0.003,16.192,5.27863e-05,0.0,5.84793e-08,0.0,,17.20297610512182,7.881657809579132,0.0,0.0,-2.897
39,,GRB190531840,2019-05-31 20:10:12.003,01 37 33.6,-41 57 00,0.1,8.3,6.702,1162.35999,107.57,169.227,12.96,1175.31995,5.67909e-06,1.05259e-06,5.87826e-09,2.30321e-09,6.72,44.865,2.81036e-05,1.24929e-05,9.33676e-09,5.16894e-09,,4.94860972444529,1.5883543769754997,11.868723814590677,2.244233048658177,-6.240000000000001
40,,GRB170510217,2017-05-10 05:12:24.998,10 40 50.4,-39 16 48,0.49,8.1,28.711,127.33,5.25,46.8101,26.84,154.17,3.50799e-05,1.25983e-05,2.23603e-08,1.49679e-08,2.816,130.562,3.20391e-05,1.40634e-05,2.17175e-08,1.69949e-08,,0.9133178828902021,0.971252621834233,1.11629346816634,1.1354231388504732,-24.024
41,,GRB110721200,2011-07-21 04:47:42.996,22 14 07.2,-38 34 48,0.12,61.0,6.005,120.59,2.78,386.724,0.04,120.63,5.84775e-05,9.37105e-06,2.95435e-08,8.69514e-09,0.003,21.825,0.000297353,5.20805e-05,1.30568e-07,4.2532e-08,,5.084913000726775,4.419516983431212,5.5575949333319095,4.89146810747153,-0.037
42,,GRB210202841,2021-02-02 20:10:31.002,15 19 14.4,-38 02 24,0.61,0.0,0.0,37.74,5.54,51.9798,0.91,38.65,5.00422e-05,1.93088e-05,3.87909e-08,3.04081e-08,0.768,18.432,0.000103006,0.0,1.14115e-07,0.0,,2.0583827249801168,2.941798205249169,0.0,0.0,-0.14200000000000002
43,,GRB120919052,2012-09-19 01:14:23.001,20 10 55.2,-37 43 48,0.14,0.0,0.0,484.04001,242.02,28.7391,121.23,605.27002,4.58325e-06,0.0,5.07755e-09,0.0,2.048,120.066,9.24202e-06,0.0,1.02388e-08,0.0,,2.016477390498009,2.0164843280716096,,,-119.182
44,,GRB120911268,2012-09-11 06:26:11.996,11 30 38.4,-37 30 00,0.6,18.0,28.23,208.53,1.855,627.752,9.23,217.75999,0.000280312,3.68186e-05,1.34177e-07,2.59538e-08,0.0,69.0,0.000609484,9.05866e-05,2.72255e-07,5.71175e-08,,2.174305773566597,2.0290735371934088,2.4603488454205213,2.200737464263422,-9.23
45,,GRB140110263,2014-01-10 06:18:36.996,01 56 28.8,-36 30 00,0.25,13.0,5.983,158.81,7.665,338.656,0.62,159.42999,3.88391e-05,6.88938e-06,1.57937e-08,4.20684e-09,-0.256,9.216,0.000556247,0.000104477,2.30254e-07,6.86236e-08,,14.321830320476014,14.578851060866041,15.164935015923058,16.312386494375826,-0.876
46,,GRB090531775,2009-05-31 18:35:56.000,16 48 14.4,-36 03 00,0.0,10.0,0.071,7.47,4.14,5.31069,0.0,0.0,0.0,0.0,0.0,0.0,0.0,0.0,0.0,0.0,0.0,0.0,,,,,,0.0
47,,GRB150118409,2015-01-18 09:48:17.001,16 00 55.2,-35 55 48,0.56,6.6,1.473,46.69,15.28,30.4634,4.34,51.03,0.000134795,0.0,1.49332e-07,0.0,7.68,47.873,0.000138823,0.0,1.53795e-07,0.0,,1.029882414036129,1.029886427557389,,,3.34
48,,GRB131216081,2013-12-16 01:56:31.998,06 06 21.6,-35 30 00,2.24,7.7,0.275,0.0,-666.0,0.00828272,0.0,0.0,0.0,0.0,0.0,0.0,0.003,19.265,4.46147e-05,0.0,4.94263e-08,0.0,,inf,inf,,,0.003
49,,GRB120526303,2012-05-26 07:16:39.996,03 35 16.8,-35 13 48,0.11,0.0,0.0,2614.09009,173.125,122.225,692.20001,3306.29004,2.02675e-06,4.39708e-07,3.44144e-09,1.99157e-09,0.0,0.0,0.0,0.0,0.0,0.0,,0.0,0.0,0.0,0.0,-692.20001
50,,GRB121225417,2012-12-25 10:00:53.001,20 41 48.0,-34 49 48,1.5,8.3,4.207,0.0,-666.0,3.78045,0.0,0.0,0.0,0.0,0.0,0.0,9.472,67.969,0.000104335,0.0,1.15587e-07,0.0,,inf,inf,,,9.472
51,,GRB110518860,2011-05-18 20:38:10.003,04 28 45.6,-34 16 12,0.19,0.0,0.0,395.98999,183.3,41.9981,1968.25,2364.23999,1.42766e-06,9.54326e-07,2.7232e-09,3.72168e-09,0.0,0.0,0.0,0.0,0.0,0.0,,0.0,0.0,0.0,0.0,-1968.25
52,,GRB131209547,2013-12-09 13:07:55.998,09 08 14.4,-33 54 00,1.16,0.0,0.0,360.54001,56.79,28.2334,14.27,374.81,6.927e-06,2.30885e-06,1.98158e-09,7.81753e-10,2.816,16.384,8.07996e-05,0.0,8.95138e-08,0.0,,11.66444348202685,45.17294280321764,0.0,0.0,-11.454
53,,GRB090626189,2009-06-26 04:32:08.002,11 20 45.6,-33 33 36,0.29,9.1,0.889,548.32001,86.405,119.713,9.0,557.32001,1.08635e-05,2.58376e-06,1.02933e-08,4.75188e-09,1.536,50.433,2.72339e-05,0.0,3.0171e-08,0.0,,2.5069176600543104,2.931129958322404,0.0,0.0,-7.464
54,,GRB170825307,2017-08-25 07:22:00.998,19 02 33.6,-32 33 00,1.02,0.0,0.0,0.58,0.34,25.3163,0.91,1.49,0.00233873,0.0,2.59096e-06,0.0,-0.512,6.144,0.000269245,0.0,2.98283e-07,0.0,,0.11512444788410804,0.11512450983419274,,,-1.4220000000000002
55,,GRB180718763,2018-07-18 18:18:24.002,02 57 55.2,-30 19 48,0.95,0.0,0.0,15.09,3.205,72.2406,1.07,16.16,0.000134565,4.85803e-05,4.4247e-08,2.34419e-08,1.6,99.906,2.98619e-05,9.88168e-06,1.09174e-08,4.90428e-09,,0.22191431650131904,0.24673763192984835,0.20340920084890377,0.2092100043085245,0.53
56,,GRB180703949,2018-07-03 22:46:51.001,06 27 40.8,-29 52 48,0.44,0.0,0.0,70.55,22.205,42.9003,8.0,34.22,1.71484e-05,1.00718e-05,4.66272e-08,6.75649e-08,0.0,0.0,0.0,0.0,0.0,0.0,,0.0,0.0,0.0,0.0,-8.0
57,,GRB120830297,2012-08-30 07:07:03.000,05 54 21.6,-28 47 24,0.62,0.0,0.0,10.02,0.18,70.708,0.66,10.68,0.000105102,4.34967e-05,1.4096e-07,1.45766e-07,0.0,0.896,0.000603307,0.000351018,5.52631e-07,7.61967e-07,,5.740204753477574,3.920480987514188,8.06999151659781,5.227330104413923,-0.66
58,,GRB090228204,2009-02-28 04:53:20.000,06 34 24.0,-28 47 24,0.21,0.0,0.0,2.0,0.135,60.4479,0.09,2.09,0.000319539,0.000162763,4.417e-07,5.74582e-07,0.0,0.448,0.00173344,0.0,1.92039e-06,0.0,,5.424815124288428,4.34772470002264,0.0,0.0,-0.09
59,,GRB201208252,2020-12-08 06:03:22.997,10 33 19.2,-28 47 24,0.13,0.0,0.0,164.60001,109.58,33.5702,88.86,253.46001,1.62449e-06,1.3161e-06,1.52956e-08,2.20111e-08,-11.52,33.281,1.16942e-05,0.0,1.29554e-08,0.0,,7.1986900504158235,0.8470017521378695,0.0,0.0,-100.38
60,,GRB160709826,2016-07-09 19:49:03.003,15 44 26.4,-28 30 36,0.27,15.0,3.205,25.3,1.69,310.023,0.47,25.77,0.000242792,4.8167e-05,1.31132e-07,5.56068e-08,0.0,5.44,0.00104014,0.00021481,5.29019e-07,1.96918e-07,,4.284078552835348,4.034247933380105,4.4596923204683705,3.5412575440413763,-0.47
61,,GRB100325275,2010-03-25 06:36:08.001,22 01 02.4,-26 59 24,0.87,0.0,0.0,0.95,0.205,68.3635,0.22,1.17,0.000732841,0.000330379,9.34e-07,1.0555e-06,-0.384,6.72,0.000119686,4.9517e-05,9.86467e-08,9.44098e-08,,0.16331782746871423,0.10561745182012848,0.1498793809533899,0.0894455708195168,-0.604
62,,GRB110921912,2011-09-21 21:52:44.996,00 23 04.8,-26 35 24,0.39,7.1,0.935,314.22,52.685,55.2979,7.4,321.62,6.27929e-06,2.15513e-06,1.0534e-08,7.91962e-09,0.896,18.56,5.55691e-05,2.58089e-05,6.33728e-08,6.74177e-08,,8.849583312763068,6.01602430225935,11.975565279124693,8.512744298337546,-6.5040000000000004
63,,GRB121029350,2012-10-29 08:24:18.999,15 16 16.8,-25 33 36,0.21,0.0,0.0,1807.43994,72.11,38.3823,119.02,1926.45996,5.97585e-07,3.28459e-07,2.10326e-09,2.13055e-09,-0.896,14.912,0.000134171,0.0,1.48641e-07,0.0,,224.5220345222855,70.67171914076243,0.0,0.0,-119.916
64,,GRB100826957,2010-08-26 22:58:22.002,18 30 50.4,-25 16 12,1.13,21.0,21.087,27.88,5.64,33.5057,33.51,54.47,0.000424051,0.000247939,2.4249e-07,2.1068e-07,8.704,93.697,0.000139639,7.1205e-05,5.04331e-07,5.61532e-07,,0.3292976552348656,2.0798012289166565,0.2871875743630489,2.665331308145054,-24.805999999999997
65,,GRB200415367,2020-04-15 08:48:04.997,00 44 19.2,-25 00 00,0.56,0.0,0.0,451.98001,94.195,30.5781,19.18,471.16,4.472e-06,2.49967e-06,1.36007e-08,1.3662e-08,0.0,0.0,0.0,0.0,0.0,0.0,,0.0,0.0,0.0,0.0,-19.18
66,,GRB121123442,2012-11-23 10:35:55.000,01 54 28.8,-24 03 36,0.5,0.0,0.0,1383.23999,213.17,26.8282,268.01999,1651.26001,2.41803e-06,1.03825e-06,1.35116e-09,7.88484e-10,0.0,0.0,0.0,0.0,0.0,0.0,,0.0,0.0,0.0,0.0,-268.01999
67,,GRB150513856,2015-05-13 20:33:14.999,03 16 14.4,-22 54 36,0.04,8.4,11.36,101.65,8.595,24.2558,68.84,170.49001,1.37515e-05,0.0,1.52346e-08,0.0,-157.186,1.792,1.71981e-05,5.78759e-06,7.76843e-09,4.12011e-09,,1.2506344762389559,0.5099201816916756,inf,inf,-226.026
68,,GRB130606497,2013-06-06 11:55:32.998,14 34 16.8,-22 09 00,0.11,0.0,0.0,396.73999,39.89,95.6791,130.53,527.27002,8.80751e-06,2.56435e-06,2.06106e-08,1.62087e-08,0.0,0.0,0.0,0.0,0.0,0.0,,0.0,0.0,0.0,0.0,-130.53
69,,GRB181028590,2018-10-28 14:09:41.996,05 55 41.3,-21 58 52,0.306,0.0,0.0,26.38,13.19,30.3664,26.68,53.06,7.85746e-05,0.0,8.70488e-08,0.0,2.048,31.745,3.6973e-05,2.18722e-05,1.47319e-08,1.24904e-08,,0.47054646157918717,0.16923725542454346,inf,inf,-24.631999999999998
70,,GRB091120191,2009-11-20 04:34:39.996,15 06 48.0,-21 21 36,0.18,0.0,0.0,772.08002,17.275,44.9029,31.79,803.87,4.92692e-06,1.5246e-06,1.76451e-09,6.1611e-10,1.024,51.201,4.35103e-05,0.0,4.82028e-08,0.0,,8.831135882052074,27.31795229270449,0.0,0.0,-30.766
71,,GRB131014215,2013-10-14 05:08:59.997,06 43 07.2,-20 45 36,0.81,17.0,1.811,198.60001,4.955,155.255,1.85,200.45,6.05895e-05,1.27473e-05,8.60071e-08,4.99144e-08,0.96,4.16,0.00383231,0.00129106,4.36076e-06,3.18297e-06,,63.250398171300304,50.70232573822394,101.281055596087,63.76857179491289,-0.8900000000000001
72,,GRB190511302,2019-05-11 07:14:24.003,08 25 23.0,-20 11 53,0.173,0.0,0.0,872.46997,42.94,74.3665,14.23,886.70001,4.03634e-06,1.22923e-06,3.9509e-09,2.24495e-09,2.56,30.208,1.51014e-05,1.10692e-05,2.46485e-08,4.00721e-08,,3.7413597467012196,6.238705105165912,9.004986861693906,17.84988529811354,-11.67
73,,GRB130325203,2013-03-25 04:51:53.997,08 11 52.8,-19 09 00,0.18,0.0,0.0,705.65997,187.13,64.1314,324.07999,1029.73999,1.18272e-06,6.30778e-07,5.75707e-09,5.47828e-09,0.768,7.68,0.000167287,0.0,1.85329e-07,0.0,,141.4426068722944,32.19154882605214,0.0,0.0,-323.31199000000004
74,,GRB210928084,2021-09-28 02:00:30.997,16 23 06.2,-17 59 56,0.12,12.0,19.018,543.21997,11.55,168.013,12.51,555.72998,1.55193e-05,3.12005e-06,1.05148e-08,3.5989e-09,2.56,26.368,0.00013016,4.13466e-05,2.95576e-08,9.85284e-09,,8.386976216710805,2.8110472857305897,13.25190301437477,2.737736530606574,-9.95
75,,GRB130310840,2013-03-10 20:09:41.003,09 29 31.2,-17 06 00,0.47,11.0,0.078,492.84,31.86,53.6175,67.23,560.07001,6.61185e-06,2.1447e-06,5.98731e-09,3.72627e-09,4.096,20.096,0.00101043,0.0,1.11941e-06,0.0,,152.8210712584224,186.96376168930624,0.0,0.0,-63.134
76,,GRB101227406,2010-12-27 09:45:05.996,16 00 50.4,-15 55 48,0.32,0.0,0.0,6.5,2.675,26.7398,17.29,23.79,4.38323e-05,3.11649e-05,1.88405e-07,3.05363e-07,0.768,154.11501,4.41822e-06,2.2694e-06,1.44638e-08,1.6596e-08,,0.10079826976909723,0.07676972479498952,0.07281910097577723,0.054348431211377925,-16.522
77,,GRB090427977,2009-04-27 23:26:32.004,15 43 26.4,-14 03 00,0.11,0.0,0.0,12.69,12.69,40.2377,0.0,0.0,0.0,0.0,0.0,0.0,0.0,0.0,0.0,0.0,0.0,0.0,,,,,,0.0
78,,GRB190727846,2019-07-27 20:18:17.001,08 24 45.6,-13 20 24,0.28,14.0,1.971,306.92999,0.58,37.1666,14.08,321.01001,6.62445e-06,2.59243e-06,3.47488e-09,2.20854e-09,3.072,38.145,4.2325e-05,0.0,4.68898e-08,0.0,,6.389209670236775,13.493933603462565,0.0,0.0,-11.008
79,,GRB140825288,2014-08-25 06:55:25.000,05 56 02.4,-12 09 36,0.57,0.0,0.0,239.27,119.635,18.4542,1463.05005,1702.31995,1.30465e-05,0.0,1.44535e-08,0.0,0.0,0.0,0.0,0.0,0.0,0.0,,0.0,0.0,,,-1463.05005
80,,GRB110120666,2011-01-20 15:59:38.999,04 06 28.8,-12 01 12,0.2,6.6,0.231,1112.27002,223.13,74.2733,0.58,1112.84998,2.38665e-06,6.73468e-07,2.44167e-09,1.42798e-09,0.003,26.176,4.81127e-05,0.0,5.33017e-08,0.0,,20.15909328975761,21.83001797949764,0.0,0.0,-0.577
81,,GRB130821674,2013-08-21 16:10:28.001,20 56 55.2,-11 31 12,0.18,16.0,9.275,6069.75977,1965.75,201.783,33.94,6103.7002,3.73176e-06,5.35273e-07,2.05303e-09,4.94917e-10,3.584,90.625,2.01542e-05,7.33365e-06,8.69674e-09,4.80664e-09,,5.400722447317084,4.2360511049521925,13.700765777463088,9.712012317216827,-30.355999999999998
82,,GRB140619475,2014-06-19 11:24:40.003,08 50 38.4,-09 39 00,0.2,10.0,1.124,5.12,1.07,319.016,0.2,5.32,0.000832254,0.000175646,1.25924e-06,6.64753e-07,-0.256,2.56,0.00140053,0.000308727,1.70917e-06,9.29638e-07,,1.6828155827427684,1.3573028175725041,1.7576659872698497,1.3984713119008112,-0.456
83,,GRB181225489,2018-12-25 11:44:09.997,23 12 14.6,-09 29 31,0.088,12.0,13.622,111.52,5.02,371.464,0.37,111.89,0.000109928,1.91112e-05,8.24761e-08,3.38094e-08,-0.992,40.481,0.000257844,4.70921e-05,1.8742e-07,6.17867e-08,,2.3455716468961505,2.2724158877541494,2.4641100506509273,1.827500635917822,-1.362
84,,GRB140104731,2014-01-04 17:32:03.002,14 35 02.4,-08 58 48,0.18,0.0,0.0,946.77002,183.45,72.7929,227.28,1174.05005,3.51251e-06,1.00833e-06,4.10465e-09,2.4301e-09,11.008,198.145,3.29404e-06,0.0,3.6493e-09,0.0,,0.9378023123065842,0.8890648410948557,0.0,0.0,-216.272
85,,GRB140206275,2014-02-06 06:36:12.001,21 00 57.6,-08 47 24,0.08,39.0,27.601,8584.42969,0.01,301.702,0.61,8585.04004,2.96105e-06,3.89425e-07,2.65295e-09,6.74392e-10,7.488,154.17799,4.24571e-05,8.91236e-06,1.53134e-08,5.04879e-09,,14.338528562503166,5.7722158352023225,22.885947229890224,7.486432223395296,6.878
86,,GRB090217206,2009-02-17 04:56:42.003,13 40 02.4,-08 23 24,0.46,16.0,13.542,67.5,9.755,176.735,4.09,71.59,6.04969e-05,1.38472e-05,3.65835e-08,1.57288e-08,0.832,34.112,0.00010952,2.45985e-05,6.17495e-08,2.69146e-08,,1.8103406951430567,1.6879057498599097,1.7764241146224506,1.711166776867911,-3.258
87,,GRB170409112,2017-04-09 02:42:00.000,23 10 07.2,-07 10 12,0.1,0.0,0.0,261.88,31.26,54.8234,178.39,440.26999,1.25646e-05,3.88526e-06,1.21695e-08,7.68933e-09,0.0,0.0,0.0,0.0,0.0,0.0,,0.0,0.0,0.0,0.0,-178.39
88,,GRB160310016,2016-03-10 00:22:58.002,06 35 07.2,-07 07 12,0.06,0.0,0.0,332.92001,201.50999,29.5836,99.25,432.17001,9.97718e-06,0.0,1.10532e-08,0.0,0.0,0.0,0.0,0.0,0.0,0.0,,0.0,0.0,,,-99.25
89,,GRB170228794,2017-02-28 19:03:00.000,15 58 38.4,-06 29 24,2.02,0.0,0.0,65.97,10.3,17.5248,6.45,72.42,6.81781e-05,0.0,7.55311e-08,0.0,1.568,62.241,7.537e-05,0.0,8.34986e-08,0.0,,1.105486952555146,1.1054863493315998,,,-4.882
90,,GRB170813051,2017-08-13 01:13:07.997,13 21 48.0,-05 29 24,0.75,0.0,0.0,255.78,67.25,19.9187,9.52,265.29999,8.21092e-06,0.0,9.09647e-09,0.0,-0.512,111.36,1.79358e-05,0.0,1.98701e-08,0.0,,2.184383723139429,2.184374817923876,,,-10.032
91,,GRB180914522,2018-09-14 12:31:47.004,03 31 00.5,-05 17 24,0.336,0.0,0.0,1018.84998,238.38,53.9751,545.07001,1563.92004,1.78596e-06,8.09409e-07,7.40059e-09,6.05748e-09,0.0,0.0,0.0,0.0,0.0,0.0,,0.0,0.0,0.0,0.0,-545.07001
92,,GRB080825593,2008-08-25 14:13:48.003,15 39 19.2,-03 50 24,0.65,8.5,1.203,170.45,0.66,87.1023,3.06,173.50999,4.90571e-05,1.30792e-05,1.71071e-08,5.58889e-09,1.216,22.208,0.000211567,7.40948e-05,5.25227e-08,1.90751e-08,,4.3126682987783616,3.07022815088472,5.665086549636063,3.4130390828948145,-1.844
93,,GRB140723067,2014-07-23 01:36:30.001,14 04 12.0,-03 34 12,0.51,8.0,20.822,103.21,1.13,281.668,0.56,103.77,8.71558e-05,1.54966e-05,6.30621e-08,2.36214e-08,0.0,56.32,0.000126097,2.68064e-05,9.22636e-08,3.93955e-08,,1.4467998687408068,1.4630594287218472,1.7298246066879188,1.6677885307390756,-0.56
94,,GRB160503567,2016-05-03 13:36:31.997,23 55 57.6,-01 14 24,0.88,0.0,0.0,17750.66992,72.635,37.4564,5324.74023,23075.41016,1.35248e-06,4.3918e-07,4.05977e-10,1.39784e-10,0.0,0.0,0.0,0.0,0.0,0.0,,0.0,0.0,0.0,0.0,-5324.74023
95,,GRB100511035,2010-05-11 00:49:55.998,07 25 31.2,-00 59 24,0.07,0.0,0.0,6326.5498,722.37,114.44,11.61,6338.16016,1.90649e-06,4.88291e-07,3.81097e-09,1.70264e-09,0.832,43.265,4.51747e-05,0.0,5.00468e-08,0.0,,23.695220011644434,13.132299650745088,0.0,0.0,-10.777999999999999
96,,GRB190606080,2019-06-06 01:55:06.997,05 06 09.6,-00 40 48,0.47,7.2,0.101,122.74,61.37,39.0621,31.6,154.34,8.67269e-05,0.0,9.60803e-08,0.0,0.0,0.0,0.0,0.0,0.0,0.0,,0.0,0.0,,,-31.6
97,,GRB181231144,2018-12-31 03:27:43.001,16 58 21.6,+00 36 36,0.167,0.0,0.0,187.7,53.68,29.935,315.28,502.98001,1.05976e-05,0.0,1.17406e-08,0.0,0.0,0.0,0.0,0.0,0.0,0.0,,0.0,0.0,,,-315.28
98,,GRB140102887,2014-01-02 21:17:37.000,14 08 04.8,+01 28 12,0.24,11.0,2.872,57.1,11.605,119.439,3.09,60.19,5.13792e-05,1.47639e-05,4.07712e-08,2.5074e-08,0.448,4.096,0.000436471,0.0,4.83544e-07,0.0,,8.495091398854012,11.859940350051016,0.0,0.0,-2.642
99,,GRB170808936,2017-08-08 22:27:43.004,09 42 52.8,+01 36 36,0.71,7.3,10.309,6192.1499,37.61,65.5309,13.73,6205.87988,1.66936e-06,4.70772e-07,1.11688e-09,4.74414e-10,4.096,21.76,0.000220331,0.0,2.44093e-07,0.0,,131.98531173623422,218.5489936250985,0.0,0.0,-9.634
100,,GRB101123952,2010-11-23 22:51:34.004,09 00 38.4,+01 54 36,1.0,8.9,2.696,0.0,7253.75977,18.462,54298.62891,57138.125,2.41221e-06,0.0,2.67237e-09,0.0,0.0,0.0,0.0,0.0,0.0,0.0,,0.0,0.0,,,-54298.62891
101,,GRB180526461,2018-05-26 11:04:09.002,07 13 55.2,+03 38 24,0.27,0.0,0.0,1139.68994,45.13,51.4177,808.88,1948.56995,3.40368e-06,1.33016e-06,5.6761e-09,4.0393e-09,0.0,0.0,0.0,0.0,0.0,0.0,,0.0,0.0,0.0,0.0,-808.88
102,,GRB130504978,2013-05-04 23:28:57.000,06 06 12.0,+03 46 48,0.12,29.0,57.361,547.67999,20.32,104.096,42.64,590.32001,7.21117e-06,1.80263e-06,9.99523e-09,5.20823e-09,8.704,81.921,2.76523e-05,1.19149e-05,1.35413e-08,7.3112e-09,,3.8346481916249373,1.3547762282608804,6.609731336990952,1.403778250960499,-33.936
103,,GRB181120265,2018-11-20 06:21:18.996,01 22 58.1,+03 48 22,0.711,0.0,0.0,245.0,72.795,28.5728,4994.52002,5239.52002,9.13531e-06,0.0,1.01205e-08,0.0,0.0,0.0,0.0,0.0,0.0,0.0,,0.0,0.0,,,-4994.52002
104,,GRB141207800,2014-12-07 19:11:20.999,10 39 12.0,+03 57 00,0.2,15.0,10.479,732.57001,11.165,495.227,1.76,734.33002,1.22902e-05,2.02875e-06,2.34423e-08,8.86104e-09,1.28,22.272,0.000663599,0.000109041,9.39684e-07,3.69664e-07,,53.99415794698215,40.084974597202496,53.74787430683919,41.717902187553605,-0.48
105,,GRB110728056,2011-07-28 01:20:22.001,11 34 16.8,+04 20 24,0.62,0.0,0.0,2.62,0.935,72.6365,0.36,2.98,0.000400825,0.000168102,6.14229e-07,6.48318e-07,-0.128,0.576,0.00122741,0.0,1.35978e-06,0.0,,3.0622091935383273,2.213799739185222,0.0,0.0,-0.488
106,,GRB210822388,2021-08-22 09:18:17.997,20 18 38.4,+04 53 24,0.54,0.0,0.0,1776.01001,623.35999,28.0493,630.97998,2406.98999,2.41391e-06,0.0,2.67425e-09,0.0,0.0,0.0,0.0,0.0,0.0,0.0,,0.0,0.0,,,-630.97998
107,,GRB150510139,2015-05-10 03:19:53.003,01 05 40.8,+04 54 36,0.33,12.0,16.38,170.10001,12.535,56.1762,2.43,147.59,2.16877e-05,8.35847e-06,2.48836e-08,1.86766e-08,0.384,52.288,4.79922e-05,1.98584e-05,2.39668e-08,1.59862e-08,,2.212876423041632,0.9631564564612838,2.375841511664216,0.8559480847691764,-2.0460000000000003
108,,GRB140402007,2014-04-02 00:10:06.001,13 50 38.4,+05 58 12,0.16,8.4,1.546,71.6,5.325,92.3306,0.11,71.65,2.04019e-05,7.55193e-06,4.46496e-08,3.57545e-08,-0.128,0.192,0.00184099,0.000928928,1.03235e-06,1.03565e-06,,90.23620349085135,23.12114778183903,123.00537743331837,28.965584751569732,-0.238
109,,GRB110625881,2011-06-25 21:08:18.001,19 05 31.2,+06 24 00,0.13,0.0,0.0,371.38,106.345,88.1201,205.86,577.23999,3.13847e-05,6.42577e-06,1.17506e-08,3.09951e-09,0.0,0.0,0.0,0.0,0.0,0.0,,0.0,0.0,0.0,0.0,-205.86
110,,GRB140219824,2014-02-19 19:46:32.002,10 32 48.0,+07 15 36,0.85,0.0,0.0,842.15997,46.3,31.426,959.84003,1356.56006,6.80884e-06,0.0,7.54317e-09,0.0,0.0,0.0,0.0,0.0,0.0,0.0,,0.0,0.0,,,-959.84003
111,,GRB160702516,2016-07-02 12:22:24.004,15 24 21.6,+09 04 12,0.21,0.0,0.0,274.06,137.03,33.0942,1941.52002,2215.58008,1.03957e-05,0.0,1.15169e-08,0.0,0.0,0.0,0.0,0.0,0.0,0.0,,0.0,0.0,,,-1941.52002
112,,GRB170329387,2017-03-29 09:17:06.000,23 46 43.2,+09 46 12,0.6,0.0,0.0,48.47,6.945,91.2126,3.93,52.4,5.06888e-05,1.66302e-05,3.91594e-08,2.71511e-08,0.256,33.792,6.38639e-05,2.12363e-05,5.12454e-08,3.83273e-08,,1.2599213238427425,1.3086359852296001,1.276972014768313,1.4116297313920982,-3.6740000000000004
113,,GRB171011810,2017-10-11 19:26:26.998,11 13 55.2,+10 01 48,0.82,0.0,0.0,42.67,21.335,51.7847,0.05094,148.49683,8.76463e-06,0.0,9.70989e-09,0.0,-0.448,0.032,0.00120273,0.000699856,8.44278e-07,1.06719e-06,,137.22541624689234,86.95031560604703,inf,inf,-0.49894
114,,GRB200219998,2020-02-19 23:57:09.999,17 30 40.8,+10 27 00,0.24,0.0,0.0,301.78,57.155,57.7106,80.33,382.10999,4.20724e-06,1.67081e-06,6.45668e-09,5.84583e-09,1.024,22.656,6.23023e-05,0.0,6.90216e-08,0.0,,14.808354170430018,10.68995211161154,0.0,0.0,-79.306
115,,GRB100423244,2010-04-23 05:51:25.004,08 00 43.2,+13 21 36,0.19,0.0,0.0,13.89,6.945,31.1528,166.69,180.58,3.07365e-05,2.21997e-05,5.92253e-08,1.01155e-07,1.6,18.112,7.70949e-05,0.0,8.54095e-08,0.0,,2.508252403494217,1.4421117326547945,0.0,0.0,-165.09
116,,GRB150210935,2015-02-10 22:26:24.000,07 29 07.2,+13 34 12,0.43,14.0,2.521,168.61,18.175,157.025,0.76,169.37,3.29734e-05,7.93031e-06,2.49391e-08,1.19707e-08,0.003,31.297,0.0001331,3.49821e-05,8.96094e-08,4.83435e-08,,4.036587067151098,3.5931288619076067,4.411189474308066,4.038485635760648,-0.757
117,,GRB100116897,2010-01-16 21:31:00.002,20 20 00.0,+14 30 36,0.06,31.0,6.657,652.84998,52.17,128.847,77.51,730.35999,7.89312e-06,1.97899e-06,1.56922e-08,7.96835e-09,0.576,103.106,1.65088e-05,6.3006e-06,4.909e-09,2.06162e-09,,2.091543014676072,0.31283057824906646,3.1837452437859715,0.25872608507407435,-76.93400000000001
118,,GRB080818945,2008-08-18 22:40:49.002,07 17 50.4,+15 00 00,0.47,0.0,0.0,463.92001,201.94501,23.2328,9018.86035,9482.78027,6.06133e-06,0.0,6.71504e-09,0.0,0.0,0.0,0.0,0.0,0.0,0.0,,0.0,0.0,,,-9018.86035
119,,GRB100213531,2010-02-13 12:44:41.001,18 49 48.0,+15 09 00,0.06,0.0,0.0,681.84998,254.045,42.4741,2707.17993,3215.27002,3.35049e-06,2.09898e-06,5.17419e-09,5.23437e-09,0.0,0.0,0.0,0.0,0.0,0.0,,0.0,0.0,0.0,0.0,-2707.17993
120,,GRB120420858,2012-04-20 20:35:13.004,07 15 04.8,+15 10 12,0.29,0.0,0.0,406.34,13.955,31.8215,3501.66992,3908.01001,4.64067e-06,1.98055e-06,4.39277e-09,3.4655e-09,0.0,0.0,0.0,0.0,0.0,0.0,,0.0,0.0,0.0,0.0,-3501.66992
121,,GRB140729026,2014-07-29 00:36:52.998,12 55 36.0,+15 25 12,0.26,0.0,0.0,68.57,0.35,68.341,4.83,58.93,2.31555e-05,8.28739e-06,4.03976e-08,3.6045e-08,0.512,56.065,2.54455e-05,8.51286e-06,3.90837e-08,3.28762e-08,,1.0988965904428754,0.9674757906410282,1.027206394293016,0.9120876681925371,-4.318
122,,GRB191202867,2019-12-02 20:48:50.996,16 37 52.8,+17 29 24,0.25,7.7,1.985,369.95001,64.935,60.4701,96.84,466.79001,2.3211e-06,1.10849e-06,7.90026e-09,8.11484e-09,1.024,31.745,2.38716e-05,0.0,2.64462e-08,0.0,,10.284606436603335,3.3475100819466705,0.0,0.0,-95.816
123,,GRB180210517,2018-02-10 12:24:38.002,00 07 19.2,+18 29 24,0.12,0.0,0.0,1598.06006,243.895,184.099,23.06,1621.12,3.62271e-06,7.24665e-07,8.0316e-09,3.36836e-09,4.096,43.009,3.71383e-05,0.0,4.11436e-08,0.0,,10.251524411283267,5.122715274665072,0.0,0.0,-18.964
124,,GRB081009140,2008-10-09 03:20:58.001,16 46 16.8,+18 55 12,0.28,0.0,0.0,1182.34998,241.705,49.1332,67.78,1250.13,3.14869e-06,1.06167e-06,6.69199e-09,4.47371e-09,1.344,42.689,7.82835e-05,0.0,8.67264e-08,0.0,,24.862244298422517,12.959732456264879,0.0,0.0,-66.436
125,,GRB220107793,2022-01-07 19:01:33.004,14 25 52.8,+19 54 00,0.24,11.0,1.282,359.32001,11.195,256.038,2.78,362.10001,1.93501e-05,3.24866e-06,1.57614e-08,5.70516e-09,0.832,25.665,0.000243075,5.02268e-05,2.12264e-07,9.93795e-08,,12.561950584234708,13.467331582219854,15.460774596295087,17.419231011926048,-1.948
126,,GRB081024891,2008-10-24 21:22:39.996,21 32 02.4,+20 50 24,0.31,8.0,1.32,2.02,0.04,152.253,0.17,2.19,0.000826545,0.00025094,5.56576e-07,3.71747e-07,-0.064,0.576,0.00142911,0.000586579,9.16834e-07,8.10878e-07,,1.7290165689708363,1.6472754843902722,2.3375268988602853,2.181263063319946,-0.234
128,,GRB171120556,2017-11-20 13:20:02.000,10 55 16.8,+22 24 36,0.2,0.0,0.0,5275.68018,10.46,147.126,0.31,5275.99023,3.74001e-06,7.10512e-07,2.84969e-09,1.04145e-09,0.003,44.065,2.45895e-05,1.03845e-05,2.28035e-08,2.18097e-08,,6.574715040868874,8.002098473869088,14.615516697817911,20.94166786691632,-0.307
130,,GRB101107011,2010-11-07 00:16:25.003,11 21 04.8,+23 52 48,0.2,0.0,0.0,105.39,4.38,55.5766,134.03,239.42,1.39168e-05,5.50135e-06,2.01218e-08,1.72025e-08,2.304,378.11801,3.91428e-06,1.61165e-06,5.07298e-09,4.38702e-09,,0.2812629340078179,0.25211362800544684,0.29295536550119516,0.2550222351402412,-131.726
131,,GRB171210493,2017-12-10 11:49:14.998,22 21 09.6,+24 26 24,0.32,14.0,8.2,1512.18994,71.87,65.3506,5.88,1374.48999,3.01383e-06,7.53077e-07,1.61953e-09,6.82592e-10,3.584,146.69099,1.77979e-05,0.0,1.97173e-08,0.0,,5.905409396017692,12.174705007008205,0.0,0.0,-2.296
132,,GRB140523129,2014-05-23 03:05:56.996,08 52 21.6,+24 49 48,0.38,0.0,0.0,468.57999,20.545,368.102,1.61,470.19,4.47687e-05,7.52686e-06,5.06769e-08,2.2375e-08,0.576,19.776,0.000276094,7.46232e-05,3.98736e-07,2.40563e-07,,6.167121225320369,7.8682003042806485,9.914253752560828,10.751418994413408,-1.0340000000000003
133,,GRB170522657,2017-05-22 15:45:35.001,09 17 24.0,+25 40 12,0.23,0.0,0.0,38.84,10.585,104.398,2.81,41.65,5.27445e-05,1.73953e-05,2.1147e-07,1.5816e-07,0.576,8.0,0.000170871,7.16992e-05,3.28042e-07,3.39788e-07,,3.2395984415436683,1.5512460396273704,4.121757026323203,2.1483813859382903,-2.234
134,,GRB140810782,2014-08-10 18:46:10.001,07 55 43.2,+27 24 00,0.07,0.0,0.0,18366.67969,124.01,82.4027,460.82001,18827.5,3.22822e-07,1.18802e-07,1.49925e-09,9.56631e-10,0.0,0.0,0.0,0.0,0.0,0.0,,0.0,0.0,0.0,0.0,-460.82001
135,,GRB130828306,2013-08-28 07:20:00.004,17 18 52.8,+28 12 36,0.29,9.2,33.7,599.75,13.775,289.865,17.07,616.82001,1.22082e-05,2.17685e-06,8.22223e-09,2.90096e-09,13.312,150.274,6.29412e-05,1.12613e-05,3.47206e-08,1.16207e-08,,5.155649481496044,4.222771681161924,5.17320899464823,4.005811869174343,-3.758000000000001
136,,GRB110123804,2011-01-23 19:17:45.004,16 02 26.4,+28 22 12,0.22,0.0,0.0,475.44,15.27,46.017,51.59,526.25,2.89714e-06,1.2988e-06,2.11371e-09,1.63131e-09,0.0,0.0,0.0,0.0,0.0,0.0,,0.0,0.0,0.0,0.0,-51.59
137,,GRB190515190,2019-05-15 04:33:03.004,09 11 00.0,+28 55 48,0.95,7.3,1.645,1.62,0.045,140.449,0.18,1.8,0.00155902,0.000458075,6.54154e-07,3.07498e-07,-0.112,1.152,0.0016916,0.000545789,5.7622e-07,2.81191e-07,,1.0850406024297314,0.8808629160717507,1.1914839273044806,0.9144482240534898,-0.292
138,,GRB210802839,2021-08-02 20:08:05.997,15 23 28.6,+29 52 08,0.224,0.0,0.0,16.54,0.415,92.957,2.81,19.35,0.00014307,6.18947e-05,1.0516e-07,8.03519e-08,0.32,10.56,0.000171608,0.0,1.90116e-07,0.0,,1.1994687915006639,1.8078737162419172,0.0,0.0,-2.49
139,,GRB200716957,2020-07-16 22:57:40.997,13 02 16.8,+29 52 12,0.17,0.0,0.0,279.85999,0.195,38.6809,18.28,298.14001,2.03438e-06,1.66826e-06,9.42671e-09,1.28633e-08,0.0,0.0,0.0,0.0,0.0,0.0,,0.0,0.0,0.0,0.0,-18.28
140,,GRB161015710,2016-10-15 17:03:07.001,17 56 31.2,+30 09 36,0.42,0.0,0.0,6.42,0.195,103.754,1.05,7.47,0.000293985,0.000105783,1.13714e-07,6.05192e-08,0.256,15.36,0.000157874,4.99391e-05,1.10641e-07,7.33047e-08,,0.5370137932207426,0.9729760627539266,0.4720900333702012,1.2112635328953456,-0.794
141,,GRB081102365,2008-11-02 08:44:59.997,14 11 48.0,+30 19 48,0.58,0.0,0.0,0.15,0.03,88.2602,0.28,0.43,0.00821014,0.00371086,3.73629e-06,2.80514e-06,-0.064,1.664,0.000818745,0.000339785,5.83952e-07,5.21452e-07,,0.09972363443254317,0.15629193665373942,0.09156502805279639,0.18589161325281447,-0.34400000000000003
142,,GRB180305393,2018-03-05 09:26:07.996,03 18 40.8,+32 06 00,0.11,8.7,2.894,424.20999,424.20999,31.7423,1613.83997,2038.05005,2.70245e-06,5.00415e-06,3.96303e-09,5.82286e-09,1.536,14.592,0.000747012,0.0,8.27577e-07,0.0,,276.4202852966753,208.82430867290935,0.0,0.0,-1612.30397
143,,GRB090227772,2009-02-27 18:31:01.004,00 47 12.0,+32 12 00,1.8,15.0,1.144,0.0,-666.0,29.5354,0.0,0.0,0.0,0.0,0.0,0.0,-0.016,0.288,0.0164047,0.0114914,3.27357e-06,2.30133e-06,,inf,inf,inf,inf,-0.016
144,,GRB171124235,2017-11-24 05:37:55.998,22 22 04.8,+35 14 24,0.2,0.0,0.0,317.88,7.03,191.939,3.42,321.29999,1.29991e-05,2.93245e-06,8.78834e-09,3.91097e-09,-0.704,25.472,0.000118168,2.71192e-05,1.33138e-07,7.48707e-08,,9.090475494457309,15.149391125058886,9.24796671725008,19.143767402971644,-4.124
145,,GRB190530430,2019-05-30 10:19:08.000,08 02 31.2,+35 31 48,0.25,22.0,18.417,360.12,360.12,28.4974,4458.60986,4818.72998,1.98546e-06,1.17857e-06,4.31943e-09,5.22129e-09,0.0,0.0,0.0,0.0,0.0,0.0,,0.0,0.0,0.0,0.0,-4458.60986
146,,GRB140124527,2014-01-24 12:38:31.001,03 57 04.8,+36 51 36,0.33,0.0,0.0,374.62,90.6,26.1335,93.56,468.17999,4.40718e-06,0.0,4.88249e-09,0.0,-12.672,108.866,7.90086e-06,0.0,8.75296e-09,0.0,,1.7927245994037002,1.792724613875297,,,-106.232
147,,GRB160816730,2016-08-16 17:30:57.001,21 29 16.8,+37 08 24,0.23,7.2,10.455,1093.71997,69.09,261.04,1.05,1094.77002,8.32985e-06,1.26972e-06,5.52332e-09,1.62924e-09,0.384,11.456,0.000261291,6.61273e-05,1.01562e-07,3.87135e-08,,31.368031837307992,18.38785368220563,52.08022241124028,23.761692568314057,-0.666
148,,GRB081122520,2008-11-22 12:28:11.997,22 35 16.8,+37 34 12,0.27,0.0,0.0,43.04,16.165,36.6265,23.49,66.53,2.57834e-05,0.0,2.85641e-08,0.0,-0.256,23.04,3.66217e-05,0.0,4.05714e-08,0.0,,1.4203596112227248,1.4203633231923989,,,-23.746
149,,GRB160910722,2016-09-10 17:19:39.003,14 45 14.4,+38 48 36,0.59,20.0,10.777,130.0,47.985,44.4554,86.39,216.39,1.80404e-05,0.0,1.99861e-08,0.0,4.608,28.928,0.000319095,0.0,3.53509e-07,0.0,,17.687800713953127,17.687742981372054,,,-81.782
150,,GRB121011469,2012-10-11 11:15:25.004,17 20 48.0,+41 08 24,0.01,8.2,7.837,61.64,4.37,16.819,33.24,94.88,4.45694e-05,0.0,4.93762e-08,0.0,1.024,66.817,2.44397e-05,0.0,2.70755e-08,0.0,,0.5483515595902121,0.5483512299447911,,,-32.216
151,,GRB110328520,2011-03-28 12:29:19.000,08 06 38.4,+41 31 12,0.16,29.0,26.273,634.73999,61.945,55.2116,102.45,737.19,3.11448e-06,1.10028e-06,3.70568e-09,2.744e-09,2.56,86.53,9.97348e-06,0.0,1.10491e-08,0.0,,3.2022938018545637,2.9816659830314545,0.0,0.0,-99.89
152,,GRB140416060,2014-04-16 01:26:40.001,02 22 57.6,+42 06 00,0.1,0.0,0.0,1032.56006,297.17999,34.5055,1174.81006,2207.37012,3.30565e-06,0.0,3.66216e-09,0.0,0.0,0.0,0.0,0.0,0.0,0.0,,0.0,0.0,,,-1174.81006
153,,GRB160821857,2016-08-21 20:34:30.003,11 25 09.6,+42 17 24,0.12,31.0,34.923,1367.06995,41.03,515.796,92.08,1459.15002,4.24923e-05,5.81927e-06,1.72684e-08,3.57301e-09,118.53,161.539,0.000173865,2.92644e-05,3.66117e-08,6.57507e-09,,4.091682493063449,2.1201558916865486,5.028878192625536,1.8402047573334528,26.450000000000003
154,,GRB111210359,2011-12-10 08:37:39.003,08 10 02.4,+44 05 24,0.82,0.0,0.0,387.48999,68.905,35.1177,6.54,394.03,5.78992e-06,2.09724e-06,2.28329e-09,1.10831e-09,0.0,60.0,2.63929e-05,0.0,2.92394e-08,0.0,,4.55842222345041,12.805819672490136,0.0,0.0,-6.54
155,,GRB160314929,2016-03-14 22:17:52.996,11 11 07.2,+45 42 36,0.79,0.0,0.0,1152.0,156.77499,28.4487,133.42,1285.42004,2.34928e-06,0.0,2.60265e-09,0.0,-3.84,94.722,1.23548e-05,0.0,1.36872e-08,0.0,,5.2589729619287615,5.258947611088698,,,-137.26
156,,GRB210410037,2021-04-10 00:53:15.996,17 57 52.8,+45 42 36,0.74,8.7,6.207,276.62,33.16,286.118,0.13,276.75,4.03604e-05,7.14431e-06,1.70467e-08,4.53642e-09,0.0,48.128,0.000163491,3.05524e-05,6.89702e-08,2.3302e-08,,4.050777494772103,4.045956108806983,4.276466166781677,5.1366496047544095,-0.13
158,,GRB131029973,2013-10-29 23:20:48.002,13 23 24.0,+48 01 48,0.18,0.0,0.0,518.51001,50.415,222.827,38.68,557.19,2.14735e-05,3.96233e-06,1.12057e-08,3.28275e-09,1.024,105.473,0.00013049,2.82369e-05,5.47098e-08,1.64753e-08,,6.0767923254243605,4.882318819886308,7.126337281347086,5.018749524027111,-37.656
159,,GRB190122305,2019-01-22 07:19:06.997,17 14 50.4,+48 07 12,0.91,29.0,12.911,805.90002,3.475,23.5953,11.81,817.71002,2.48762e-06,1.00389e-06,1.24194e-09,7.96543e-10,0.0,54.016,3.16842e-05,0.0,3.51014e-08,0.0,,12.736752397874273,28.26336215920254,0.0,0.0,-11.81
160,,GRB120226871,2012-02-26 20:54:17.001,20 11 52.8,+48 58 48,0.68,12.0,28.926,254.28,17.54,42.7222,29.37,283.64999,1.00601e-05,3.62411e-06,3.31497e-09,1.08687e-09,4.352,57.345,3.73986e-05,0.0,4.14321e-08,0.0,,3.717517718511744,12.49848414917782,0.0,0.0,-25.018
161,,GRB170306588,2017-03-06 14:07:22.002,10 18 09.6,+51 33 00,0.71,0.0,0.0,50.37,9.85,34.726,21.16,47.43,4.15868e-05,2.46564e-05,1.48816e-08,1.15418e-08,4.608,23.552,7.27271e-05,0.0,8.05707e-08,0.0,,1.7488025046408957,5.414115417697022,0.0,0.0,-16.552
163,,GRB170921168,2017-09-21 04:02:11.003,08 15 43.2,+52 40 12,0.26,0.0,0.0,156.89999,156.89999,28.3527,901.66998,1058.56995,6.8745e-06,0.0,7.61591e-09,0.0,0.0,0.0,0.0,0.0,0.0,0.0,,0.0,0.0,,,-901.66998
165,,GRB171102107,2017-11-02 02:33:35.001,12 30 52.8,+54 00 36,0.82,0.0,0.0,366.07999,9.84,38.4674,34.91,349.89001,3.8852e-06,1.7606e-06,1.61404e-09,8.93914e-10,7.68,56.065,3.38222e-05,0.0,3.74699e-08,0.0,,8.7053948316689,23.214976084855394,0.0,0.0,-27.229999999999997
166,,GRB160101215,2016-01-01 05:10:12.003,00 05 26.4,+55 13 48,1.37,13.0,4.765,0.0,-666.0,0.075458,0.0,0.0,0.0,0.0,0.0,0.0,0.003,22.016,2.89267e-05,0.0,3.20465e-08,0.0,,inf,inf,,,0.003
167,,GRB120915000,2012-09-15 00:00:40.997,16 03 48.0,+57 02 24,1.76,0.0,0.0,0.59,0.34,30.7645,0.23,0.82,0.0011651,0.0,1.29075e-06,0.0,-0.32,0.256,0.000544511,0.000386995,1.66678e-07,1.47646e-07,,0.4673513003175693,0.129132674801472,inf,inf,-0.55
168,,GRB110903111,2011-09-03 02:39:34.001,13 09 02.4,+58 51 00,0.07,0.0,0.0,323.42999,50.13,48.6763,46.69,370.12,3.80195e-06,1.95302e-06,2.28988e-08,2.07966e-08,-0.256,340.99799,3.57448e-06,1.98049e-06,1.81374e-08,1.7466e-08,,0.9401701758308236,0.7920677066047129,1.0140653961556974,0.8398488214419665,-46.946
169,,GRB150202999,2015-02-02 23:59:07.996,05 45 04.8,+59 03 00,0.33,20.0,12.648,70.84,54.485,29.1214,44.86,115.7,1.66277e-05,0.0,1.8421e-08,0.0,1.536,168.963,9.8405e-06,0.0,1.09018e-08,0.0,,0.59181366033787,0.5918136908962597,,,-43.324
170,,GRB210306162,2021-03-06 03:53:57.002,08 40 52.8,+60 13 12,0.37,0.0,0.0,787.25,263.255,24.4976,6.23,793.47998,2.02615e-06,0.0,2.24467e-09,0.0,0.128,9.664,8.34981e-05,0.0,9.25033e-08,0.0,,41.21022629124201,41.210200163052924,,,-6.102
171,,GRB220210998,2022-02-10 23:56:37.997,23 12 33.6,+61 03 36,0.99,15.0,0.649,6.05,1.995,44.3373,0.3,6.35,0.000187513,7.7867e-05,3.98743e-08,1.7672e-08,-0.512,43.008,3.57046e-05,1.34156e-05,7.45548e-09,2.90175e-09,,0.1904113314810173,0.1869745675786158,0.17228864602463173,0.16420043005885013,-0.812
172,,GRB161109263,2016-11-09 06:18:44.997,10 31 24.0,+61 49 48,0.39,0.0,0.0,467.54999,162.50999,46.7357,423.35001,890.90002,7.78254e-06,2.72202e-06,5.97908e-09,3.89325e-09,0.0,0.0,0.0,0.0,0.0,0.0,,0.0,0.0,0.0,0.0,-423.35001
173,,GRB200412381,2020-04-12 09:08:39.998,18 23 10.3,+62 21 18,0.929,18.0,5.777,12.6,0.215,56.8535,6.15,18.75,0.000469562,0.000205298,1.10161e-07,5.58588e-08,5.184,11.264,0.000640776,0.000342495,1.54344e-07,9.7118e-08,,1.3646249057632434,1.4010766060584054,1.6682822044053036,1.7386338410420559,-0.9660000000000002
174,,GRB110428388,2011-04-28 09:18:29.998,00 21 40.8,+65 00 36,0.18,0.0,0.0,386.20999,0.275,63.4976,7.28,393.48999,7.59302e-06,2.22758e-06,1.014e-08,6.29923e-09,2.688,8.32,0.000152868,0.0,1.69354e-07,0.0,,20.132700822597595,16.701577909270217,0.0,0.0,-4.5920000000000005
175,,GRB110529034,2011-05-29 00:48:41.996,07 53 19.2,+67 54 36,1.5,15.0,0.093,0.0,-666.0,10.1346,0.0,0.0,0.0,0.0,0.0,0.0,-0.128,0.384,0.00142754,0.0,1.58149e-06,0.0,,inf,inf,,,-0.128
176,,GRB200530031,2020-05-30 00:44:10.000,02 09 52.6,+69 18 14,0.312,0.0,0.0,84.54,1.53,57.746,17.02,101.56,3.43884e-05,1.21884e-05,2.16747e-08,1.23559e-08,3.072,25.6,8.48283e-05,0.0,9.39769e-08,0.0,,2.4667707715392404,4.335787807905069,0.0,0.0,-13.948
177,,GRB151006413,2015-10-06 09:54:56.998,09 49 42.2,+70 30 14,0.001,24.0,16.139,0.0,516.21002,6.8802,15.19911,1047.61572,2.26108e-06,0.0,2.50493e-09,0.0,1.536,94.976,9.23195e-06,0.0,1.02276e-08,0.0,,4.08298246855485,4.082988346979756,,,-13.66311
178,,GRB130502327,2013-05-02 07:51:10.996,04 26 36.0,+70 49 48,0.32,8.0,1.563,1304.20996,163.345,407.343,12.38,1316.58997,1.52586e-05,2.22803e-06,1.58419e-08,5.83091e-09,7.168,31.488,0.000263923,5.98497e-05,2.03144e-07,9.09244e-08,,17.29667204068525,12.82320933726384,26.862160742898432,15.593517992903339,-5.212000000000001
179,,GRB170728961,2017-07-28 23:03:19.002,15 49 43.2,+70 51 00,1.01,6.6,0.41,469.07001,0.01,29.7324,0.21,469.28,5.83793e-06,0.0,6.46755e-09,0.0,0.0,46.336,2.02759e-05,9.5647e-06,1.34033e-08,1.25702e-08,,3.473131743614603,2.0723921732340687,inf,inf,-0.21
180,,GRB081224887,2008-12-24 21:17:54.997,13 24 24.0,+72 40 12,0.33,0.0,0.0,262.69,36.19,26.5333,76.51,339.20001,6.27225e-06,0.0,6.94871e-09,0.0,0.736,17.184,3.13065e-05,0.0,3.46829e-08,0.0,,4.991271074973096,4.991271761233381,,,-75.774
181,,GRB100724029,2010-07-24 00:42:05.999,08 14 21.6,+75 51 36,0.1,40.0,99.807,44.54,5.975,65.4555,9.08,53.62,8.04907e-05,2.79017e-05,1.80804e-08,6.95387e-09,8.192,122.882,7.29738e-05,2.82937e-05,1.61951e-08,6.47004e-09,,0.9066115712746937,0.8957268644499016,1.0140493231595207,0.9304229155851346,-0.8879999999999999
182,,GRB141113346,2014-11-13 08:17:43.002,12 09 16.8,+77 22 48,0.71,0.0,0.0,3.38,0.14,60.2626,0.08,3.45,0.000337918,0.000172078,1.43111e-07,1.12628e-07,-0.064,0.384,0.00237643,0.00120461,2.27484e-06,2.67668e-06,,7.032564113187224,15.895633459342749,7.000371924359884,23.76567105870654,-0.14400000000000002
183,,GRB160521385,2016-05-21 09:13:58.002,09 52 09.6,+79 01 12,0.13,0.0,0.0,2109.20996,258.51501,58.7281,90.16,11911.62988,1.88974e-07,8.71104e-08,1.44416e-09,1.05125e-09,0.0,0.0,0.0,0.0,0.0,0.0,,0.0,0.0,0.0,0.0,-90.16
